<favourites>
	<favourite name="Elysium" thumb="special://home/addons\plugin.video.elysium\icon.png">ActivateWindow(10025,&quot;plugin://plugin.video.elysium/?sf_options=fanart%3Dspecial%3A%2F%2Fhome%2Faddons%5Cplugin.video.elysium%5Cfanart.jpg%26meta%3Dlabel%253DElysium%26desc%3DWatch+movies+and+TV+shows+in+high+quality%21+Please+note+that+this+addon+is+not+an+official+part+of+the+Kodi+media+player%2C+and+therefore+not+to+be+mentioned+within+official+support+channels.+This+addon+has+nothing+to+do+with+the+media+player+itself%2C+nor+it%E2%80%99s+intended+use%2C+it+is+simply+a+third+party+plugin+which+has+been+added+to+your+system.%26_options_sf&quot;,return)</favourite>
	<favourite name="iSTREAM" thumb="special://home/addons\script.icechannel\icon.png">ActivateWindow(10025,&quot;plugin://script.icechannel/?sf_options=fanart%3Dspecial%3A%2F%2Fhome%2Faddons%5Cscript.icechannel%5Cfanart.jpg%26meta%3Dcastandrole%253D%25255B%25255D%2526label%253DiSTREAM%26desc%3DiSTREAM%26_options_sf&quot;,return)</favourite>
	<favourite name="Exodus" thumb="special://home/addons\plugin.video.exodus\icon.png">ActivateWindow(10025,&quot;plugin://plugin.video.exodus/?sf_options=fanart%3Dspecial%3A%2F%2Fhome%2Faddons%5Cplugin.video.exodus%5Cfanart.jpg%26meta%3Dcastandrole%253D%25255B%25255D%2526label%253DExodus%26desc%3DPlease+visit+www.tvaddons.ag+for+Exodus+support+and+assistance%21+Kindly+note+that+Exodus+is+not+an+official+part+of+the+media+player+you+are+running%2C+and+therefore+not+to+be+mentioned+within+official+support+channels%2C+this+addon+has+nothing+to+do+with+the+media+player+itself%2C+nor+it%E2%80%99s+intended+use%2C+it+is+simply+a+third+party+plugin+which+has+been+added+to+your+system.%26_options_sf&quot;,return)</favourite>
	<favourite name="Specto" thumb="special://home/addons\plugin.video.specto\icon.png">ActivateWindow(10025,&quot;plugin://plugin.video.specto/?sf_options=fanart%3Dspecial%3A%2F%2Fhome%2Faddons%5Cplugin.video.specto%5Cfanart.jpg%26meta%3Dcastandrole%253D%25255B%25255D%2526label%253DSpecto%252B-%252B...%252BFork%26desc%3DMrknow+fork+of+...%2C+support+https%3A%2F%2Fgithub.com%2Fmrknow%2Ffilmkodi%2Fissues.%26_options_sf&quot;,return)</favourite>
	<favourite name="Salts" thumb="special://home/addons\plugin.video.salts\icon.png">ActivateWindow(10025,&quot;plugin://plugin.video.salts/?sf_options=fanart%3Dspecial%3A%2F%2Fhome%2Faddons%5Cplugin.video.salts%5Cfanart.jpg%26meta%3Dcastandrole%253D%25255B%25255D%2526label%253DStream%252BAll%252BThe%252BSources%26desc%3DThis+addon+uses+trakt.tv+for+most+show+and+movie+meta+data+and+uses+a+variety+of+websites+for+hoster+sources%26_options_sf&quot;,return)</favourite>
	<favourite name="1Channel" thumb="special://home/addons\plugin.video.1channel\icon.png">ActivateWindow(10025,&quot;plugin://plugin.video.1channel/?sf_options=fanart%3Dspecial%3A%2F%2Fhome%2Faddons%5Cplugin.video.1channel%5Cfanart.jpg%26meta%3Dcastandrole%253D%25255B%25255D%2526label%253D1Channel%26desc%3DPlay+a+wide+selection+of+movies+and+TV+shows+from+PrimeWire.ag.%0A%2A%2A%2AThis+addon+is+supported+at+%5BCOLOR+blue%5Dwww.tvaddons.ag%5B%2FCOLOR%5D%2C+%5BCOLOR+white%5D%5BB%5DNOT%5B%2FB%5D%5B%2FCOLOR%5D+%5BCOLOR+red%5Dxbmc.org%5B%2FCOLOR%5D.+%2A%2A%2A%26_options_sf&quot;,return)</favourite>
	<favourite name=" Zen" thumb="special://home/addons\plugin.video.zen\icon.png">ActivateWindow(10025,&quot;plugin://plugin.video.zen/?sf_options=fanart%3Dspecial%3A%2F%2Fhome%2Faddons%5Cplugin.video.zen%5Cfanart.jpg%26meta%3Dlabel%253D%252BZen%26desc%3DWatch+Movies+and+TV+Shows+in+High+quality%21+Please+note+that+this+addon+is+not+an+official+part+of+the+Kodi+media+player+%2C+and+therefore+not+to+be+mentioned+within+official+support+channels%2C+this+addon+has+nothing+to+do+with+the+media+player+itself%2C+nor+it%E2%80%99s+intended+use%2C+it+is+simply+a+third+party+plugin+which+has+been+added+to+your+system.%26_options_sf&quot;,return)</favourite>
	<favourite name="Icefilms" thumb="special://home/addons\plugin.video.icefilms\icon.png">ActivateWindow(10025,&quot;plugin://plugin.video.icefilms/?sf_options=fanart%3Dspecial%3A%2F%2Fhome%2Faddons%5Cplugin.video.icefilms%5Cfanart.jpg%26meta%3Dlabel%253DIcefilms%26desc%3DVisit+www.tvaddons.ag+for+support.%0A++++++++%0ATurns+your+XBMC+into+an+instant+free+on-demand+media-center.+Stream+and+download+to+your+library+DVD+and+HD720p+quality+videos.+Browse+and+search+the+library+of+over+77%2C000+videos+with+metadata+and+posters.+Never+experience+the+frustration+of+dead+video+links%21%26_options_sf&quot;,return)</favourite>
	<favourite name="[COLOR white][B]TV SHOWS[/B][/COLOR]" thumb="http://midian.srve.io/wolfpackdata/IMAGES/tv%20shows.jpg">ActivateWindow(10025,&quot;plugin://plugin.video.wolfpack/?action=directory&amp;content=addons&amp;url=http%3a%2f%2fmidian.srve.io%2fwolfpackdata%2ftv%2520shows%2520index.xml&amp;sf_options=fanart%3Dhttps%3A%2F%2Fs-media-cache-ak0.pinimg.com%2Foriginals%2F95%2F05%2F9b%2F95059b1a4641d827f29808c4e88ffd64.jpg%26meta%3Dlabel%253D%25255BCOLOR%252Bwhite%25255D%25255BB%25255DTV%252BSHOWS%25255B%25252FB%25255D%25255B%25252FCOLOR%25255D%26_options_sf&quot;,return)</favourite>
	<favourite name="[COLOR red][B]ROUND THE CLOCK TV[/B][/COLOR]" thumb="http://midian.srve.io/wolfpackdata/IMAGES/hZs3gR%20-%20Copy%20(2).jpg">ActivateWindow(10025,&quot;plugin://plugin.video.wolfpack/?action=directory&amp;content=addons&amp;url=http%3a%2f%2fmidian.srve.io%2fbeausplace%2f24.7%2520shows.xml&amp;sf_options=fanart%3Dhttps%3A%2F%2Fs-media-cache-ak0.pinimg.com%2Foriginals%2F95%2F05%2F9b%2F95059b1a4641d827f29808c4e88ffd64.jpg%26meta%3Dlabel%253D%25255BCOLOR%252Bred%25255D%25255BB%25255DROUND%252BTHE%252BCLOCK%252BTV%25255B%25252FB%25255D%25255B%25252FCOLOR%25255D%26_options_sf&quot;,return)</favourite>
	<favourite name="Placenta" thumb="special://home/addons\plugin.video.placenta\icon.png">ActivateWindow(10025,&quot;plugin://plugin.video.placenta/?sf_options=fanart%3Dspecial%3A%2F%2Fhome%2Faddons%5Cplugin.video.placenta%5Cfanart.jpg%26meta%3Dlabel%253DPlacenta%26desc%3DYou+are+welcome%21+-+Team+Afterbirth+%28mr+blamo+and+Muad%27Dib%29%26_options_sf&quot;,return)</favourite>
	<favourite name="FilePursuit" thumb="special://home/addons\plugin.video.filepursuit\icon.png">ActivateWindow(10025,&quot;plugin://plugin.video.filepursuit/?sf_options=fanart%3Dspecial%3A%2F%2Fhome%2Faddons%5Cplugin.video.filepursuit%5Cfanart.jpg%26meta%3Dlabel%253DFilePursuit%26desc%3DFilepursuit%26_options_sf&quot;,return)</favourite>
	<favourite name="Incursion" thumb="special://home/addons/plugin.video.incursion/icon.png">ActivateWindow(10025,&quot;plugin://plugin.video.incursion/?sf_options=fanart%3Dspecial%3A%2F%2Fhome%2Faddons%2Fplugin.video.incursion%2Ffanart.jpg%26meta%3Dlabel%253DIncursion%26desc%3D%5BI%5DNew+Resistance%5B%2FI%5D%5BCR%5D%5BCR%5D%5BB%5DIncursion+-+Media+for+the+Masses%5B%2FB%5D%5BCR%5D%5BCR%5DThis+addon+does+not+form+part+of+the+Kodi+Media+Centre.+Please+do+not+seek+assistance+with+this+addon+from+any+of+the+Official+Kodi+Support+Channels.%5BCR%5D%5BCR%5DThe+author+does+not+host+any+of+the+content+in+this+addon+and+takes+no+responsibility+for+content+found.%26_options_sf&quot;,return)</favourite>
	<favourite name="Neptune Rising" thumb="special://home/addons\plugin.video.neptune\icon.png">ActivateWindow(10025,&quot;plugin://plugin.video.neptune/?sf_options=fanart%3Dspecial%3A%2F%2Fhome%2Faddons%5Cplugin.video.neptune%5Cfanart.jpg%26meta%3Dlabel%253D%252BNeptune%252BRising%26desc%3DMovie%2C+TV+Show%2C+and+Playlist+Add-on%26_options_sf&quot;,return)</favourite>
	<favourite name="Magicality" thumb="special://home/addons\plugin.video.magicality\icon.png">ActivateWindow(10025,&quot;plugin://plugin.video.magicality/?sf_options=fanart%3Dspecial%3A%2F%2Fhome%2Faddons%5Cplugin.video.magicality%5Cfanart.jpg%26meta%3Dlabel%253DMagicality%26desc%3DMagicality%2C+it%27s+Resistance+but+it+works+on+Leia.%26_options_sf&quot;,return)</favourite>
	<favourite name="[COLOR gold][B]Firecat[/B][/COLOR]" thumb="special://home/addons\plugin.video.firecat\icon.png">ActivateWindow(10025,&quot;plugin://plugin.video.firecat/?content_type=video&amp;sf_options=fanart%3Dspecial%3A%2F%2Fhome%2Faddons%5Cplugin.video.firecat%5Cfanart.jpg%26meta%3Dlabel%253D%252B%25255BCOLOR%252Bgold%25255D%25255BB%25255DFirecat%25255B%25252FB%25255D%25255B%25252FCOLOR%25255D%26desc%3Dukodidev%26_options_sf&quot;,return)</favourite>
	<favourite name="The Magic Dragon" thumb="special://home/addons\plugin.video.themagicdragon\icon.png">ActivateWindow(10025,&quot;plugin://plugin.video.themagicdragon/?sf_options=fanart%3Dspecial%3A%2F%2Fhome%2Faddons%5Cplugin.video.themagicdragon%5Cfanart.jpg%26meta%3Dlabel%253DThe%252BMagic%252BDragon%26desc%3D%5BCOLORblue%5DThis+Is+A+3rd+Party+Add+On+And+Is+Not+Linked+To+Kodi+In+Any+Way.+All+The+Content+We+Provide+Is+Freely+Available+On+The+Internet.+We+Do+Not+Store+Any+Content+Ourselves.%5B%2FCOLOR%5D%26_options_sf&quot;,return)</favourite>
	<favourite name="Exodus Redux" thumb="special://home/addons\plugin.video.exodusredux\icon.png">ActivateWindow(10025,&quot;plugin://plugin.video.exodusredux/?sf_options=fanart%3Dspecial%3A%2F%2Fhome%2Faddons%5Cplugin.video.exodusredux%5Cfanart.jpg%26meta%3Dlabel%253DExodus%252BRedux%26desc%3D%5BB%5DExodus+Redux%5B%2FB%5D%5BCR%5D+%5BB%5D%2A%2A%2ALambda+Sources+Edition%2A%2A%2A%5B%2FB%5D%5BCR%5D%5BCR%5DThis+addon+does+not+form+part+of+the+Kodi+Media+Centre.+Please+do+not+seek+assistance+with+this+addon+from+any+of+the+Official+Kodi+Support+Channels.%5BCR%5D%5BCR%5DThe+author+does+not+host+any+of+the+content+in+this+addon+and+takes+no+responsibility+for+content+found.%26_options_sf&quot;,return)</favourite>
	<favourite name="YouTube" thumb="special://home/addons\plugin.video.youtube\icon.png">ActivateWindow(10025,&quot;plugin://plugin.video.youtube/?sf_options=fanart%3Dspecial%3A%2F%2Fhome%2Faddons%5Cplugin.video.youtube%5Cfanart.jpg%26meta%3Dlabel%253DYouTube%26desc%3DYouTube+is+one+of+the+biggest+video-sharing+websites+of+the+world.%26_options_sf&quot;,return)</favourite>
	<favourite name="[COLORgreen]yoda[/COLOR]" thumb="special://home/addons\plugin.video.yoda\icon.jpg">ActivateWindow(10025,&quot;plugin://plugin.video.yoda/?sf_options=meta%3Dlabel%253D%25255BCOLORgreen%25255Dyoda%25255B%25252FCOLOR%25255D%26desc%3D%5BCOLOR+aqua%5Dyoda+Movies+and+TV.+This+addon+does+not+form+part+of+the+Kodi+Media+Centre.+Please+do+not+seek+assistance+with+this+addon+from+any+of+the+Official+Kodi+Support+Channels.+The+author+does+not+host+any+of+the+content+in+this+addon+and+takes+no+responsibility+for+content+found%5B%2FCOLOR%5D%26_options_sf&quot;,return)</favourite>
	<favourite name="[B][COLOR red]13Clowns[/COLOR] Video[/B]" thumb="special://home/addons\plugin.video.13clowns\icon.gif">ActivateWindow(10025,&quot;plugin://plugin.video.13clowns/?sf_options=fanart%3Dspecial%3A%2F%2Fhome%2Faddons%5Cplugin.video.13clowns%5Cfanart.jpg%26meta%3Dlabel%253D%25255BB%25255D%25255BCOLOR%252Bred%25255D13Clowns%25255B%25252FCOLOR%25255D%252BVideo%25255B%25252FB%25255D%26desc%3DThis+addon+does+not+form+part+of+the+Kodi+Media+Centre.+Please+do+not+seek+assistance+with+this+addon+from+any+of+the+Official+Kodi+Support+Channels.The+author+does+not+host+any+of+the+content+in+this+addon+and+takes+no+responsibility+for+content+found.%26_options_sf&quot;,return)</favourite>
	<favourite name="[COLOR red]Venom[/COLOR]" thumb="special://home/addons\plugin.video.venom\icon.png">ActivateWindow(10025,&quot;plugin://plugin.video.venom/?sf_options=fanart%3Dspecial%3A%2F%2Fhome%2Faddons%5Cplugin.video.venom%5Cfanart.jpg%26meta%3Dlabel%253D%25255BCOLOR%252Bred%25255DVenom%25255B%25252FCOLOR%25255D%26desc%3D%5BB%5DVenom%5B%2FB%5D%5BCR%5D+This+addon+does+not+form+part+of+the+Kodi+Media+Centre.+Please+do+not+seek+assistance+with+this+addon+from+any+of+the+Official+Kodi+Support+Channels.%5BCR%5DThe+author+does+not+host+any+of+the+content+in+this+addon+and+takes+no+responsibility+for+content+found.%26_options_sf&quot;,return)</favourite>
	<favourite name="[COLOR white][B]NuMb3r5[/B][/COLOR]" thumb="special://home/addons\plugin.video.numbersbynumbers\icon.png">ActivateWindow(10025,&quot;plugin://plugin.video.numbersbynumbers/?sf_options=fanart%3Dspecial%3A%2F%2Fhome%2Faddons%5Cplugin.video.numbersbynumbers%5Cfanart.jpg%26meta%3Dlabel%253D%25255BCOLOR%252Bwhite%25255D%25255BB%25255DNuMb3r5%25255B%25252FB%25255D%25255B%25252FCOLOR%25255D%26desc%3DPlease+remember+that+NuMb3r5+is+not+an+official+part+of+the+Kodi+media+player+you+are+running%2C+and+therefore+is+not+to+be+mentioned+within+official+support+channels+of+Kodi%2C+this+addon+has+nothing+to+do+with+the+media+player+itself%2C+nor+it%E2%80%99s+intended+use%2C+it+is+simply+a+third+party+plugin+which+has+been+added+to+your+system.%26_options_sf&quot;,return)</favourite>
	<favourite name="[COLOR orchid]¤[/COLOR] [B][COLOR white]CREW TV Shows[/COLOR][/B]" thumb="special://home/addons\script.thecrew.artwork\resources\media\thecrew\main_tvshows.png">ActivateWindow(10025,&quot;plugin://plugin.video.thecrew/?action=tvNavigator&amp;sf_options=fanart%3Dspecial%3A%2F%2Fhome%2Faddons%5Cscript.thecrew.artwork%5Cresources%5Cmedia%5Cthecrew%5Cfanart.jpg%26meta%3Dlabel%253D%25255BCOLOR%252Borchid%25255D%2525C2%2525A4%25255B%25252FCOLOR%25255D%252B%25255BB%25255D%25255BCOLOR%252Bwhite%25255DTV%252BShows%25255B%25252FCOLOR%25255D%25255B%25252FB%25255D%26_options_sf&quot;,return)</favourite>
</favourites>