<?xml version="1.0" encoding="UTF-8"?>
<addon
  id="skin.xonfluence"
  version="3.3.21"
  name="Xonfluence"
  provider-name="Helly">
  <requires>
    <import addon="xbmc.gui" version="5.12.0"/>
	  <import addon="script.favourites" version="6.0.3"/>
	  <import addon="service.skin.widgets" version="0.0.32"/>
	  <import addon="service.library.data.provider" version="0.1.6"/>
	  <import addon="script.randomandlastitems" version="2.2.2"/>
  </requires>
  <extension
    point="xbmc.gui.skin"
    debugging="false"
    effectslowdown="1.0">
    <res width="1280" height="720" aspect="16:9" default="true" folder="720p" />
  </extension>
  <extension point="xbmc.addon.metadata">
    <summary lang="en">eXtended MOD of Confluence skin originally by Jezz_X and CCM by Mudislander.</summary>
    <summary lang="en_US">eXtended MOD of Confluence skin originally by Jezz_X and CCM by Mudislander.</summary>
    <summary lang="nl">Uitgebreide MOD van Confluence skin origineel door Jezz_X en CCM door Mudislander.</summary>
    <description lang="en">Xonfluence is a MOD of Confluence to enable a greater degree of user customisation to the default skin (based by Mudislander's CCM).</description>
    <description lang="en_US">Xonfluence is a MOD of Confluence to enable a greater degree of user customisation to the default skin (based by Mudislander's CCM).</description>
    <description lang="nl">Xonfluence is een MOD van Confluence om een grotere aanpassingsmogelijkheid te geven ten opzichten van de standaard skin (gebaseerd op Mudislander's CCM).</description>
    <disclaimer lang="en">You break it - You get to keep the pieces</disclaimer>
    <disclaimer lang="en_US">You break it - You get to keep the pieces</disclaimer>
    <disclaimer lang="nl">Wie zijn billen brandt - moet op de blaren zitten</disclaimer>
    <platform>all</platform>
    <assets>
      <icon>resources/icon.png</icon>
      <fanart>resources/fanart.jpg</fanart>
	    <screenshot>resources/screenshot-01.jpg</screenshot>
	    <screenshot>resources/screenshot-02.jpg</screenshot>
	    <screenshot>resources/screenshot-03.jpg</screenshot>
	    <screenshot>resources/screenshot-04.jpg</screenshot>
	    <screenshot>resources/screenshot-05.jpg</screenshot>
	    <screenshot>resources/screenshot-06.jpg</screenshot>
	    <screenshot>resources/screenshot-07.jpg</screenshot>
	    <screenshot>resources/screenshot-08.jpg</screenshot>
	    <screenshot>resources/screenshot-09.jpg</screenshot>
    </assets>
    <news>See changelog for latest changes</news>
  </extension>
</addon>
