<favourites>
	<favourite name="[COLOR lime]Install Adult Extras[/COLOR]" thumb="special://home/addons\plugin.program.adultaddons\icon.png">ActivateWindow(10001,&quot;plugin://plugin.program.adultaddons/?sf_options=fanart%3Dspecial%3A%2F%2Fhome%2Faddons%5Cplugin.program.adultaddons%5Cfanart.jpg%26meta%3Dlabel%253D%25255BCOLOR%252Blime%25255DInstall%252BAdult%252BExtras%25255B%25252FCOLOR%25255D%26desc%3DInstalls+the+adult+build+only+if+you+want+it.%0AThanks+to+all+Devs+who+have+contributed+to+this+project%21%26_options_sf&quot;,return)</favourite>
	<favourite name="Ultimate Whitecream" thumb="special://home/addons\plugin.video.uwc\icon.png">ActivateWindow(10025,&quot;plugin://plugin.video.uwc/?sf_options=fanart%3Dspecial%3A%2F%2Fhome%2Faddons%5Cplugin.video.uwc%5Cfanart.jpg%26meta%3Dlabel%253DUltimate%252BWhitecream%26_options_sf&quot;,return)</favourite>
	<favourite name="VideoDevil" thumb="special://home/addons\plugin.video.videodevil\icon.png">ActivateWindow(10025,&quot;plugin://plugin.video.videodevil/?sf_options=meta%3Dlabel%253DVideoDevil%26_options_sf&quot;,return)</favourite>
	<favourite name="Lubetube (Adult)" thumb="special://home/addons\plugin.video.lubetube\icon.png">ActivateWindow(10025,&quot;plugin://plugin.video.lubetube/?sf_options=meta%3Dlabel%253DLubetube%252B%252528Adult%252529%26_options_sf&quot;,return)</favourite>
	<favourite name="Fantasti.cc" thumb="special://home/addons\plugin.video.fantasticc\icon.png">ActivateWindow(10025,&quot;plugin://plugin.video.fantasticc/?sf_options=meta%3Dlabel%253DFantasti.cc%26_options_sf&quot;,return)</favourite>
	<favourite name="Erotik (XXX)" thumb="special://home/addons\plugin.video.erotik\icon.png">ActivateWindow(10025,&quot;plugin://plugin.video.erotik/?sf_options=fanart%3Dspecial%3A%2F%2Fhome%2Faddons%5Cplugin.video.erotik%5Cfanart.jpg%26meta%3Dlabel%253DErotik%252B%252528XXX%252529%26_options_sf&quot;,return)</favourite>
	<favourite name="Empflix" thumb="special://home/addons\plugin.video.empflix\icon.png">ActivateWindow(10025,&quot;plugin://plugin.video.empflix/?sf_options=meta%3Dlabel%253DEmpflix%26_options_sf&quot;,return)</favourite>
	<favourite name="YouPorn" thumb="special://home/addons\plugin.video.youporn\icon.png">RunScript(&quot;plugin.video.youporn/?sf_options=fanart%3Dspecial%3A%2F%2Fhome%2Faddons%5Cplugin.video.youporn%5Cfanart.jpg%26meta%3Dlabel%253DYouPorn%26desc%3DYouPorn+Scraping+by+Echo+Coder%0A%0ASkin+and+code+for+skin+by+Demonstratorz%26_options_sf&quot;)</favourite>
	<favourite name="EPorner ALLEYES" thumb="https://raw.githubusercontent.com/Daffy81/repository.alleyezonme/master/zips/plugin.video.alleyezonme/images/xxx.png">ActivateWindow(10025,&quot;plugin://plugin.video.alleyezonme/?description=No%20information%20available&amp;fanart=D%3a%5cKODI%5cportable_data%5caddons%5cplugin.video.alleyezonme%5cfanart.jpg&amp;iconimage=https%3a%2f%2fraw.githubusercontent.com%2fDaffy81%2frepository.alleyezonme%2fmaster%2fzips%2fplugin.video.alleyezonme%2fimages%2fxxx.png&amp;mode=get_list&amp;name=EPorner&amp;url=http%3a%2f%2faeom.cf%2fxml%2flists%2fxxx%2feporner%2fmain.xml&amp;sf_options=fanart%3Dspecial%3A%2F%2Fhome%2Faddons%5Cplugin.video.alleyezonme%5Cfanart.jpg%26meta%3Dplot%253DNo%252Binformation%252Bavailable%2526votes%253D0%2526label%253DEPorner%2526title%253DEPorner%26desc%3DNo+information+available%26_options_sf&quot;,return)</favourite>
	<favourite name="[COLOR white]Eporner[/COLOR]" thumb="special://home/addons\script.xxxodus.artwork\resources\art\eporner\icon.png">ActivateWindow(10025,&quot;plugin://plugin.video.xxx-o-dus/?fanart=D%3a%5cKODI%5cportable_data%5caddons%5cscript.xxxodus.artwork%5cresources%5cart%5ceporner%5cfanart.jpg&amp;iconimage=D%3a%5cKODI%5cportable_data%5caddons%5cscript.xxxodus.artwork%5cresources%5cart%5ceporner%5cicon.png&amp;mode=200&amp;name=%5bCOLOR%20white%5dEporner%5b%2fCOLOR%5d&amp;url=none&amp;sf_options=fanart%3Dspecial%3A%2F%2Fhome%2Faddons%5Cscript.xxxodus.artwork%5Cresources%5Cart%5Ceporner%5Cfanart.jpg%26meta%3Dplot%253D%25255BCOLOR%252Bwhite%25255DEporner%25255B%25252FCOLOR%25255D%2526votes%253D0%2526label%253D%25255BCOLOR%252Bwhite%25255DEporner%25255B%25252FCOLOR%25255D%2526title%253D%25255BCOLOR%252Bwhite%25255DEporner%25255B%25252FCOLOR%25255D%26desc%3D%5BCOLOR+white%5DEporner%5B%2FCOLOR%5D%26_options_sf&quot;,return)</favourite>
</favourites>