{
 "name"         : "3) The Magic Dragon",
 "repository"   : "plugin.video.themagicdragon",
 "plugin"       : "plugin.video.themagicdragon",
 "priority"     : 200,
 "id"           : "direct.themagicdragon.k",
 "filters"      : {},
 "postprocess"  : "",
    "movies": [
        [
            {
                "link": "plugin://plugin.video.themagicdragon/",
                "steps": [
					".*People Watching.*",
                    ".*{title|replace(&colon;,)|replace( -,)|replace(',)}.*"
                ],
					"action": "ACTIVATE"
            },
            {
                "link": "plugin://plugin.video.themagicdragon/",
                "steps": [
					".*New Movie Releases.*",
                    ".*{title|replace(&colon;,)|replace( -,)|replace(',)}.*"
                ],
					"action": "ACTIVATE"
            },
            {
                "link": "plugin://plugin.video.themagicdragon/?fanart=http%3a%2f%2fsupremacy.org.uk%2ftombraider%2fdogsbollocks%2fIcons%2ffanart.jpg&amp;mode=1&amp;name=%5bB%5d%5bCOLORpink%5dChickflicks%5b%2fCOLOR%5d%5b%2fB%5d&amp;url=http%3a%2f%2fsupremacy.org.uk%2ftombraider%2fdogsbollocks%2fchickflicks.txt&quot;,return",
                "steps": [
                    ".*{title|replace(&colon;,)|replace( -,)|replace(',)}.*"
                ],
					"action": "ACTIVATE"
            },
            {
                "link": "plugin://plugin.video.themagicdragon/?fanart=D%3a%5cKODI%5cportable_data%5caddons%5cplugin.video.themagicdragon%5cfanart.jpg&amp;mode=41&amp;name=%5bB%5d%5bI%5d%5bCOLORred%5d%22MOVIE%20SEARCH%22%5b%2fB%5d%5b%2fI%5d%5b%2fCOLOR%5d&amp;url=%5bB%5d%5bI%5d%5bCOLORred%5d%22MOVIE%20SEARCH%22%5b%2fB%5d%5b%2fI%5d%5b%2fCOLOR%5d&quot;,return",
                "steps": [
					"keyboard: {title}",
                    ".*{title}.*"
                ],
					"action": "ACTIVATE"
            }
  ]
 ],
 "tvshows"      : [
  [
            {
                "link": "plugin://plugin.video.themagicdragon/?fanart=http%3a%2f%2fsupremacy.org.uk%2ftombraider%2fdogsbollocks%2fIcons%2ffanart.jpg&amp;mode=1&amp;name=%5bB%5d%5bI%5d%5bCOLORwhite%5dEpisodes%20Of%20The%20Day%5b%2fB%5d%5b%2fI%5d%5b%2fCOLOR%5d&amp;url=http%3a%2f%2fsupremacy.org.uk%2ftombraider%2fdogsbollocks%2foldepisodes.txt&quot;,return",
                "steps": [
                    ".*{clearname}.*{season:02d}.*{episode:02d}.*"
                ],
					"action": "ACTIVATE"
            },
            {
                "link": "plugin://plugin.video.themagicdragon/?fanart=http%3a%2f%2fsupremacy.org.uk%2ftombraider%2fdogsbollocks%2fIcons%2ffanart.jpg&amp;mode=1&amp;name=%5bB%5d%5bI%5d%5bCOLORgold%5dCatch%20Up%20TV%5b%2fB%5d%5b%2fI%5d%5b%2fCOLOR%5d&amp;url=http%3a%2f%2fsupremacy.org.uk%2ftombraider%2fdogsbollocks%2flatesttv.txt&quot;,return",
                "steps": [
                    ".*{clearname}.*{season:02d}.*{episode:02d}.*"
                ],
					"action": "ACTIVATE"
            },
            {
                "link": "plugin://plugin.video.themagicdragon/?fanart=D%3a%5cKODI%5cportable_data%5caddons%5cplugin.video.themagicdragon%5cfanart.jpg&amp;mode=41&amp;name=%5bB%5d%5bI%5d%5bCOLORred%5d%22MOVIE%20SEARCH%22%5b%2fB%5d%5b%2fI%5d%5b%2fCOLOR%5d&amp;url=%5bB%5d%5bI%5d%5bCOLORred%5d%22MOVIE%20SEARCH%22%5b%2fB%5d%5b%2fI%5d%5b%2fCOLOR%5d&quot;,return",
                "steps": [
					"keyboard: {clearname}",
                    ".*"
                ],
					"action": "ACTIVATE"
            }
  ]
 ],
 "musicvideos"  : [],
 "music"        : [],
 "live"         : []
}