{
 "name"         : "4) YouTube",
 "repository"   : "plugin.video.youtube",
 "plugin"       : "plugin.video.youtube",
 "priority"     : 200,
 "id"           : "direct.youtube.k",
 "filters"      : {},
 "postprocess"  : "",
    "movies": [
        [
            {
                "link": "plugin://plugin.video.youtube/kodion/search/query/?q={title})",
                "steps": [
                    ".*"
                ],
					"action": "PLAY"
            }
  ]
 ],
 "tvshows"      : [
  [
            {
                "link": "plugin://plugin.video.youtube/kodion/search/query/?q={clearname})",
                "steps": [
                    ".*"
                ],
					"action": "PLAY"
            }
  ]
 ],
 "musicvideos"  : [],
 "music"        : [],
 "live"         : []
}