{
	"name"         : "1c) Video On Demand",
	"repository"   : "repository.vader",
	"plugin"       : "plugin.video.bcvodv2",
	"priority"     : 800,
	"id"           : "navigate.video.VADER",
	"filters"      : {},
	"postprocess"  : "",
	"music"        : [],
    "movies": [
        [
            {
                "link": "plugin://plugin.video.bcvodv2/",
                "steps": [
				"Video On Demand",
				".*{year}.*",
                    "{title}.*"
                ],
					"action": "PLAY"
            },
            {
                "link": "plugin://plugin.video.bcvodv2/",
                "steps": [
				"Video On Demand",
					"Kids Movies",
                    "{title}.*"
                ],
					"action": "PLAY"
            },
            {
                "link": "plugin://plugin.video.bcvodv2/",
                "steps": [
				"Video On Demand",
					"Disney Movies",
                    "{title}.*"
                ],
					"action": "PLAY"
            },
            {
                "link": "plugin://plugin.video.bcvodv2/",
                "steps": [
				"Video On Demand",
					"MOVIES A-E",
                    "{title}.*"
                ],
					"action": "PLAY"
            },
            {
                "link": "plugin://plugin.video.bcvodv2/",
                "steps": [
				"Video On Demand",
					"MOVIES F-J",
                    "{title}.*"
                ],
					"action": "PLAY"
            },
            {
                "link": "plugin://plugin.video.bcvodv2/",
                "steps": [
				"Video On Demand",
					"MOVIES K-O",
                    "{title}.*"
                ],
					"action": "PLAY"
            },
            {
                "link": "plugin://plugin.video.bcvodv2/",
                "steps": [
				"Video On Demand",
					"MOVIES P-T",
                    "{title}.*"
                ],
					"action": "PLAY"
            },
            {
                "link": "plugin://plugin.video.bcvodv2/",
                "steps": [
				"Video On Demand",
					"MOVIES U-Z",
                    "{title}.*"
                ],
					"action": "PLAY"
            }			
        ]
    ],
    "tvshows": [
        [
            {
                "link": "plugin://plugin.video.bcvodv2/",
                "steps": [
					"TV Series",
                    "All",
                    "{clearname}",
					"Season {season}",
					"Episode {episode:02d}"
                ],
					"action": "PLAY"
            }
        ]
    ]
}