{
    "name": "1d) Vader Catchup",
    "id": "provider.vadercatchup.k",
 "tvshows": [
  [
   {
    "link": "aplugin://plugin.video.VADER/",
    "steps": [
	 "TV Catchup",
	 "TV Catchup",
	 "United States",
     "{network}.*",
	 ".*{epday:02d}.{epmonth:02d}.*{clearname}.*"
    ],
	"action": "PLAY"
   },
   {
    "link": "aplugin://plugin.video.VADER/",
    "steps": [
	 "TV Catchup",
	 "TV Catchup",
	"United Kingdom",
     "{network}.*",
	 ".*{epday:02d}.{epmonth:02d}.*{clearname}.*"
    ],
	"action": "PLAY"
   },
   {
    "link": "aplugin://plugin.video.VADER/",
    "steps": [
	 "TV Catchup",
	 "TV Catchup",
	 "Canada",
     "{network}.*",
	 ".*{epday:02d}.{epmonth:02d}.*{clearname}.*"
    ],
	"action": "PLAY"
   }
  ]
 ]
}