{
   "name": "1a) File Pursuit Downloads",
   "id": "provider.fpdownloads.k",
   "movies": [
       [
           {
    "link": "/storage/media/0/Download/",
    "steps": [
    ".*{title|replace(&colon;,%3A)}.*",
    ".*"
    ],
	"action": "PLAY"
   },
   {
    "link": "/storage/media/0/Download/",
    "steps": [
    "{title}.*"
    ],
	"action": "PLAY"
   },
  {
    "link": "/storage/media/0/Download/",
    "steps": [
    "(.*{title|replace(&colon;,)|replace( -,)|replace(',)}.*|.*{title|replace(&colon; ,_)|replace( -,_)|replace( ,_)}.*|.*{title|replace( ,_)}.*|.*{title|replace( ,%2520)}.*)"
    ],
	"action": "PLAY"
           }
       ]
   ],
   "tvshows": [
       [
           {
    "link": "/storage/media/0/Download/",
    "steps": [
    "TVShows",
    "{clearname}",
     "({clearname|replace(&colon;,)}.*S{season:02d}E{episode:02d}.*|{clearname|replace(&colon;,)}.*{title}.*|.*{clearname|replace(&colon; ,_)}.*{season:02d}.*{episode:02d}.*)"
    ],
	"action": "PLAY"
   },
 {
  "link"      : "/storage/media/0/Download/",
  "steps"     : [
  "({clearname|replace(&colon;,)}.*S{season:02d}E{episode:02d}.*|{clearname|replace(&colon;,)}.*{title}.*|.*{clearname|replace(&colon; ,_)}.*{season:02d}.*{episode:02d}.*)"
   ],
  "action"    : "PLAY"
           }
       ]
   ]
}