{
    "name": "1b) USB PLAYER",
    "id": "provider.local.q",
    "movies": [
  [
   {
    "link": "/media/KODI/",
    "steps": [
    ".*{title}.*|.*{title|replace(&colon;,)|replace(- ,)|replace(&colon;,%3A)}.*|.*{title|replace(&colon;,)}.*|.*{title|replace( -,)}.*"
    ],
	"action": "PLAY"
   },
   {
    "link": "/media/KODI/Movies/",
    "steps": [
    ".*{title}.*|.*{title|replace(&colon;,)|replace(- ,)|replace(&colon;,%3A)}.*|.*{title|replace(&colon;,)}.*|.*{title|replace( -,)}.*"
    ],
	"action": "PLAY"
   },
   {
    "link": "/media/KODI/Movies/",
    "steps": [
    ".*{title}.*|.*{title|replace(&colon;,)|replace(- ,)|replace(&colon;,%3A)}.*|.*{title|replace(&colon;,)}.*|.*{title|replace( -,)}.*",
    ".*"
    ],
	"action": "PLAY"
   }
  ]
 ],
 "tvshows": [
  [
   {
    "link": "/media/KODI/",
    "steps": [
	".*{title}.*S{season:02d}E{episode:02d}.*|.*{epday:02d}{epmonth:02d}.*{title}.*|.*{clearname}.*{title}.*"
    ],
	"action": "PLAY"
   },
   {
    "link": "/media/KODI/TV/",
    "steps": [
	".*{clearname|replace(&colon;,)|replace( -,)}.*",
	".*S{season:02d}E{episode:02d}.*|.*{epday:02d}{epmonth:02d}.*|.*{clearname}.*{title}.*"
    ],
	"action": "PLAY"
   },
   {
    "link": "/media/KODI/TV/",
    "steps": [
	".*{clearname|replace(&colon;,)|replace( -,)}.*",
	".*S{season:02d}E{episode:02d}.*|.*Season {season} Episode {episode}.*|.*{epday:02d}{epmonth:02d}.*|{season} x {episode}"
    ],
	"action": "PLAY"
   },
  {
    "link": "/media/KODI/",
    "steps": [
	".*{clearname}.*S{season:02d}E{episode:02d}.*|.*{clearname}.*Season {season} Episode {episode}.*|.*{epday:02d}{epmonth:02d}.*{clearname}.*|.*{clearname}.*{season} x {episode}"
    ],
	"action": "PLAY"
   }   
  ]
 ]
}