<?xml version="1.0" encoding="UTF-8" standalone="yes"?>
<addon id="script.loguploader" name="[COLOR lime]Log Uploader[/COLOR]" version="1.2" provider-name="MR ED REPO">
  <requires>
    <import addon="xbmc.python" version="2.1.0"/>
  </requires>
  <extension point="xbmc.python.pluginsource" library="default.py">
        <provides>executable</provides>
  </extension>
  <extension point="xbmc.addon.metadata">
    <summary lang="en">Upload you log</summary>
    <description lang="en">Get your issues looked at by Mr Ed Repo</description>
    <platform>all</platform>
  </extension>
</addon>
