{
 "name"         : "4) The Magic Dragon",
 "repository"   : "plugin.video.themagicdragon",
 "plugin"       : "plugin.video.themagicdragon",
 "priority"     : 200,
 "id"           : "direct.themagicdragon.k",
 "filters"      : {},
 "postprocess"  : "",
    "movies": [
        [
            {
                "link": "plugin://plugin.video.themagicdragon",
                "steps": [
					".*SEARCH.*",
					"keyboard: {title}",
                    ".*{title}.*"
                ],
					"action": "ACTIVATE"
            }
  ]
 ],
 "tvshows"      : [
  [
            {
                "link": "plugin://plugin.video.themagicdragon",
                "steps": [
                    ".*Entertain.*",
                    ".*Episodes.*",
                    ".*{clearname}.*S{season:02d}.*E{episode:02d}.*"
                ],
					"action": "ACTIVATE"
            },
            {
                "link": "plugin://plugin.video.themagicdragon",
                "steps": [
                    ".*Entertain.*",
                    ".*Episodes.*",
                    ".*{clearname}.*{season}.*"
                ],
					"action": "ACTIVATE"
            },
            {
                "link": "plugin://plugin.video.themagicdragon",
                "steps": [
                    ".*Entertain.*",
                    ".*Episodes.*",
                    ".*{clearname}.*"
                ],
					"action": "ACTIVATE"
            }
  ]
 ],
 "musicvideos"  : [],
 "music"        : [],
 "live"         : []
}