<?xml version="1.0" encoding="UTF-8" standalone="yes"?>
<addon id="plugin.program.libreelecupdater18" name="[COLOR lime]LibreELEC Updater 18[/COLOR]" version="1.07" provider-name="MR ED REPO">
  <requires>
    <import addon="xbmc.python" version="2.1.0"/>
	<import addon="script.module.addon.common" />
  </requires>
  <extension point="xbmc.python.pluginsource" library="updater.py">
    <provides>executable</provides>
  </extension>
  <extension point="xbmc.addon.metadata">
    <summary lang="en">LibreELEC Updater</summary>
    <description lang="en">LibreELEC Updater provides easy access to MR ED Builds at the click of a button.
Thanks to all Devs who have contributed to this project!</description>
    <platform>all</platform>
  </extension>
</addon>
