<?xml version="1.0" encoding="UTF-8" standalone="yes"?>
<addon id="repository.nolimits" name="[COLOR lime]NO LIMITS[/COLOR]" version="1.0.0" provider-name="">
    <extension point="xbmc.addon.repository"
        name="X">
        <dir minversion="18.0.0">
            <info compressed="false">https://raw.githubusercontent.com/mrXoo/mrXoo/master/nolimits/leia/addons.xml</info>
            <checksum>https://raw.githubusercontent.com/mrXoo/mrXoo/master/nolimits/leia/addons.xml.md5</checksum>
            <datadir zip="true">https://raw.githubusercontent.com/mrXoo/mrXoo/master/nolimits/leia/</datadir>
        </dir>				
        <dir minversion="19.0.0">
            <info compressed="false">https://raw.githubusercontent.com/mrXoo/mrXoo/master/nolimits/matrix/addons.xml</info>
            <checksum>https://raw.githubusercontent.com/mrXoo/mrXoo/master/nolimits/matrix/addons.xml.md5</checksum>
            <datadir zip="true">https://raw.githubusercontent.com/mrXoo/mrXoo/master/nolimits/matrix/</datadir>
        </dir>
    </extension>
    <extension point="xbmc.addon.metadata">
        <platform>all</platform>
			<assets>
    </assets>
    </extension>
</addon>

