{
    "name": "1b) USB PLAYER",
    "priority"     : 100,
    "id": "provider.local.q",
    "movies": [
  [
  {
    "link": "/media/KODI/",
    "steps": [
    ".*{title}.*(ts|mkv|avi|mp4)|.*{title|replace(&colon;,)|replace(- ,)|replace(&colon;,%3A)|replace(Mrs ,Mrs)}.*(ts|mkv|avi|mp4)|.*{title|replace(&colon;,)}.*(ts|mkv|avi|mp4)|.*{title|replace( -,)}.*(ts|mkv|avi|mp4)"
    ],
	"action": "PLAY"
   },
   {
    "link": "/media/KODI/Movies",
    "steps": [
    ".*{title|replace(&colon;,)|replace(- ,)}.*"
    ],
	"action": "PLAY"
   },
   {
    "link": "/media/KODI/Movies/",
    "steps": [
    ".*{title}.*(ts|mkv|avi|mp4)|.*{title|replace(&colon;,)|replace(- ,)|replace(&colon;,%3A)}.*(ts|mkv|avi|mp4)|.*{title|replace(&colon;,)}.*(ts|mkv|avi|mp4)|.*{title|replace( -,)}.*(ts|mkv|avi|mp4)"
    ],
	"action": "PLAY"
   },
  {
    "link": "/media/KODI/Movies",
    "steps": [
    "{title|replace(&colon;,)|replace(- ,)}.*",
	".*(ts|mkv|avi|mp4)"
    ],
	"action": "PLAY"
   },
   {
    "link": "/media/KODI/Movies/",
    "steps": [
    ".*{title}.*(ts|mkv|avi|mp4)|.*{title|replace(&colon;,)|replace(- ,)|replace(&colon;,%3A)}.*(ts|mkv|avi|mp4)|.*{title|replace(&colon;,)}.*(ts|mkv|avi|mp4)|.*{title|replace( -,)}.*(ts|mkv|avi|mp4)",
    ".*"
    ],
	"action": "PLAY"
   }
  ]
 ],
"tvshows": [
  [
   {
    "link": "/media/KODI/TV/",
    "steps": [
	".*{clearname|replace(&colon;,)|replace( -,)|replace(%27,')}.*",
	".*{firstaired}.*.ts|.*{firstaired|replace(-,)}.*|.*{epday:02d}{epmonth:02d}.*.ts|.*S{season:02d}E{episode:02d}.*(ts|mkv|avi|mp4)|.*Season {season}.*Episode {episode:02d}.*"
    ],
	"action": "PLAY"
   },
   {
    "link": "/media/KODI/TV/",
    "steps": [
	".*{clearname|replace(&colon;,)|replace( -,)|replace(%27,')}.*",
	".*Season {season}.*Episode {episode}.*"
    ],
	"action": "PLAY"
   },
  {
    "link": "/media/KODI/",
    "steps": [
    ".*{title}.*S{season:02d}E{episode:02d}.*(mkv|avi|mp4)|.*Season {season}.*{clearname}.*Episode {episode:02d}.*"    
    ],
	"action": "PLAY"
   },
  {
    "link": "/media/KODI/",
    "steps": [
    ".*{clearname}.*{season}.*Episode {episode:02d}.*"    
    ],
	"action": "PLAY"
   },
  {
    "link": "/media/KODI/",
    "steps": [
    ".*{firstaired|replace(-,)}.*{clearname}.*|.*{clearname}.*S{season:02d}E{episode:02d}.*(mkv|avi|mp4)"    
    ],
	"action": "PLAY"
   },
  {
    "link": "/media/KODI/Other/",
    "steps": [
	".*{clearname}.*{firstaired}.*.ts"
    ],
	"action": "PLAY"
   },
  {
    "link": "/media/KODI/Other/",
    "steps": [
	".*{clearname}.*",
	".*{firstaired}.*.ts"
    ],
	"action": "PLAY"
   },
  {
    "link": "/media/KODI/Other/",
    "steps": [
	".*{network}.*",
	".*{clearname}.*{firstaired}.*.ts"
    ],
	"action": "PLAY"
   }
  ]
 ]
}