<?xml version="1.1" encoding="UTF-8" standalone="yes"?>
<addon id="plugin.video.700" name="[B][COLOR yellow]700 Club[/COLOR][/B]" version="1.0" provider-name="Wolfey B">
  <requires>
        <import addon="script.module.six" />
        <import addon="script.module.requests" />
        <import addon="script.module.kodi-six" />
  </requires>
  <extension point="xbmc.python.pluginsource"
            library="default.py">
        <provides>video</provides>
  </extension>
  <extension point="xbmc.addon.metadata">
    <summary lang="en">Live Channels</summary>
    <language>en</language>
    <description lang="en">Many thanks go to Maddog for the great hookup and to RB for the assist. Enjoy these while you can because NOTHING is ever promised or guaranteed in the world of free streaming.</description>
     <platform>all</platform>
  <assets>
            <icon>icon.png</icon>
            <fanart>fanart.jpg</fanart>
     </assets>
  </extension>
</addon>
