<favourites>
	<favourite name="[COLOR chartreuse]SEARCH TV ADDONS[/COLOR]" thumb="special://home/addons\script.elysium.artwork\resources\media\Default\search.png">ActivateWindow(10001,&quot;plugin://plugin.program.super.favourites/?label=[COLOR chartreuse]SEARCH TV ADDONS[/COLOR]&amp;mode=400&amp;folder=ADDONS%2FSEARCH%2FSEARCH%20TV%20ADDONS&amp;sf_options=fanart%3Dspecial%3A%2F%2Fhome%2Faddons%5Cscript.elysium.artwork%5Cresources%5Cmedia%5CDefault%5Cfanart.jpg%26_options_sf&quot;)</favourite>
	<favourite name="Hit me up on FB for a request" thumb="">ExecuteBuiltin(&quot;848543874&quot;)</favourite>
	<favourite name="[COLOR lime]OD KODI ADDON TV REQUESTS CLICK HERE[/COLOR]" thumb="special://home/addons\plugin.video.odkodi\icon.png">ActivateWindow(10025,&quot;plugin://plugin.video.odkodi/?choice&amp;description&amp;fanart=D%3a%5cKODI%5cportable_data%5caddons%5cplugin.video.odkodi%5cfanart.jpg&amp;iconimage=D%3a%5cKODI%5cportable_data%5caddons%5cplugin.video.odkodi%5cicon.png&amp;mode=8&amp;name=Tv%20Series&amp;trailer&amp;url&amp;sf_options=fanart%3Dspecial%3A%2F%2Fhome%2Faddons%5Cplugin.video.odkodi%5Cfanart.jpg%26meta%3Dvotes%253D0%2526label%253DTv%252BSeries%2526title%253DTv%252BSeries%26_options_sf&quot;,return)</favourite>
	<favourite name="OTHER TV EPISODES REQUESTS SECTION CLICK HERE" thumb="DefaultFolder.png">ActivateWindow(10025,&quot;plugin://plugin.video.playlistLoader/?description&amp;iconimage&amp;mode=2&amp;name=%5bCOLOR%20blue%5d%5bTV%20EPISODES%20REQUESTS%5d%5b%2fCOLOR%5d&amp;url=https%3a%2f%2fwww.dropbox.com%2fs%2fqpxqr1mst8qpc85%2fKODI_TVSHOWS_PLAYLIST.m3u%3fdl%3d1&amp;sf_options=meta%3Dvotes%253D0%2526label%253D%25255BCOLOR%252Bblue%25255D%25255BTV%252BEPISODES%252BREQUESTS%25255D%25255B%25252FCOLOR%25255D%2526title%253D%25255BCOLOR%252Bblue%25255D%25255BTV%252BEPISODES%252BREQUESTS%25255D%25255B%25252FCOLOR%25255D%26_options_sf&quot;,return)</favourite>
	<favourite name="[B]Google Drive Click Here[/B]" thumb="DefaultFolder.png">ActivateWindow(10025,&quot;plugin://plugin.googledrive/?action=_list_folder&amp;content_type=video&amp;driveid=13469170526671814491&amp;path=%2f&amp;sf_options=meta%3Dlabel%253D%25255BB%25255DMy%252BDrive%25255B%25252FB%25255D%26_options_sf&quot;,return)</favourite>
</favourites>