<?xml version="1.1" encoding="UTF-8" standalone="yes"?>
<addon id="plugin.video.kemo" name="[COLOR lime]KEMO IPTV[/COLOR]" version="1.0.7" provider-name="X">
  <requires>
    <import addon="xbmc.python" version="2.1.0"/>
	<import addon="script.module.requests" />
	<import addon="pvr.iptvsimple" />
	<import addon="plugin.program.iptv.groups" />
	<import addon="plugin.program.iptv.groupsfull" />
  </requires>
  <extension point="xbmc.python.pluginsource"
            library="default.py">
        <provides>video</provides>
  </extension>
  <extension point="xbmc.service" library="service.py" start="startup" />
  <extension point="xbmc.addon.metadata">
    <summary lang="en">KEMO Addon</summary>
    <language>en</language>
    <description lang="en">IPTV and VOD</description>
     <platform>all</platform>
  </extension>
</addon>
