<addon id="repository.mrx" name="[COLOR lime]MR X[/COLOR]" provider-name="X" version="0.0.2">
        <requires>
            <import addon="xbmc.addon" version="12.0.0" />
        </requires>
        <extension name="[COLOR lime]MR X[/COLOR]" point="xbmc.addon.repository">
            <info compressed="false">https://raw.githubusercontent.com/mrXoo/mrXoo/master/krypton/addons.xml</info>
            <checksum>https://raw.githubusercontent.com/mrXoo/mrXoo/master/krypton/addons.xml.md5</checksum>
            <datadir zip="true">https://raw.githubusercontent.com/mrXoo/mrXoo/master/krypton/</datadir>
            <hashes>false</hashes>
        </extension>
        <extension point="xbmc.addon.metadata">
            <summary></summary>
            <description></description>
            <platform>all</platform>
    </extension>
</addon>

