<favourites>
	<favourite name="Movie Title Search" thumb="special://home/addons/plugin.video.imdb.search/resources/img/search.png">ActivateWindow(10025,&quot;plugin://plugin.video.imdb.search/movie_search?sf_options=meta%3Dlabel%253DSimple%252BMovie%252BTitle%252BSearch%26_options_sf&quot;,return)</favourite>
	<favourite name="Popular (TMDb)" thumb="https://raw.githubusercontent.com/OpenELEQ/Style/master/MetalliQ/default/popular.png">ActivateWindow(10025,&quot;plugin://plugin.video.metalliq/movies/tmdb/popular/1?sf_options=fanart%3Dhttps%3A%2F%2Fraw.githubusercontent.com%2FOpenELEQ%2FStyle%2Fmaster%2FMetalliQ%2Fbackgrounds%2Fdefault.png%26meta%3Dlabel%253DPopular%252B%252528TMDb%252529%26_options_sf&quot;,return)</favourite>
	<favourite name="Top rated (TMDb)" thumb="https://raw.githubusercontent.com/OpenELEQ/Style/master/MetalliQ/default/top_rated.png">ActivateWindow(10025,&quot;plugin://plugin.video.metalliq/movies/tmdb/top_rated/1?sf_options=fanart%3Dhttps%3A%2F%2Fraw.githubusercontent.com%2FOpenELEQ%2FStyle%2Fmaster%2FMetalliQ%2Fbackgrounds%2Fdefault.png%26meta%3Dlabel%253DTop%252Brated%252B%252528TMDb%252529%26_options_sf&quot;,return)</favourite>
	<favourite name="Genres (TMDb)" thumb="https://raw.githubusercontent.com/OpenELEQ/Style/master/MetalliQ/default/genres.png">ActivateWindow(10025,&quot;plugin://plugin.video.metalliq/movies/tmdb/genres?sf_options=fanart%3Dhttps%3A%2F%2Fraw.githubusercontent.com%2FOpenELEQ%2FStyle%2Fmaster%2FMetalliQ%2Fbackgrounds%2Fdefault.png%26meta%3Dlabel%253DGenres%252B%252528TMDb%252529%26_options_sf&quot;,return)</favourite>
	<favourite name="Blockbusters (TMDb)" thumb="https://raw.githubusercontent.com/OpenELEQ/Style/master/MetalliQ/default/most_voted.png">ActivateWindow(10025,&quot;plugin://plugin.video.metalliq/movies/tmdb/blockbusters/1?sf_options=fanart%3Dhttps%3A%2F%2Fraw.githubusercontent.com%2FOpenELEQ%2FStyle%2Fmaster%2FMetalliQ%2Fbackgrounds%2Fdefault.png%26meta%3Dlabel%253DBlockbusters%252B%252528TMDb%252529%26_options_sf&quot;,return)</favourite>
	<favourite name="[COLOR chartreuse]SEARCH MOVIE ADDONS[/COLOR]" thumb="special://home/addons\plugin.video.spinzstrictlyhd\search.png">ActivateWindow(10001,&quot;plugin://plugin.program.super.favourites/?label=[COLOR chartreuse]SEARCH MOVIE ADDONS[/COLOR]&amp;mode=400&amp;folder=ADDONS%2FSEARCH%2FSEARCH%20MOVIE%20ADDONS&amp;sf_options=fanart%3Dspecial%3A%2F%2Fhome%2Faddons%5Cplugin.video.spinzstrictlyhd%5Cfanart.jpg%26_options_sf&quot;)</favourite>
</favourites>