{
 "name"         : "3) The Magic Dragon",
 "repository"   : "plugin.video.themagicdragon",
 "plugin"       : "plugin.video.themagicdragon",
 "priority"     : 200,
 "id"           : "direct.themagicdragon.k",
 "filters"      : {},
 "postprocess"  : "",
    "movies": [
        [
            {
                "link": "plugin://plugin.video.themagicdragon/?fanart=D%3a%5cKODI%5cportable_data%5caddons%5cplugin.video.themagicdragon%5cfanart.jpg&amp;mode=41&amp;name=%5bB%5d%5bI%5d%5bCOLORwhite%5d%22MOVIE%20SEARCH%22%5b%2fB%5d%5b%2fI%5d%5b%2fCOLOR%5d&amp;url=%5bB%5d%5bI%5d%5bCOLORwhite%5d%22MOVIE%20SEARCH%22%5b%2fB%5d%5b%2fI%5d%5b%2fCOLOR%5d&quot;,return",
                "steps": [
					"keyboard: {title}",
                    ".*{title}.*"
                ],
					"action": "ACTIVATE"
            }
  ]
 ],
 "tvshows"      : [
  [
            {
                "link": "plugin://plugin.video.themagicdragon/?fanart=https%3a%2f%2fgithub.com%2ftombebbs1%2fmagicdragon%2fblob%2fmaster%2ffanart.jpg%3fraw%3dtrue&amp;mode=1&amp;name=%5bB%5d%5bI%5d%5bCOLORwhite%5dEpisodes%20Of%20The%20Day%5b%2fB%5d%5b%2fI%5d%5b%2fCOLOR%5d&amp;url=https%3a%2f%2fraw.githubusercontent.com%2ftombebbs1%2fmagicdragon%2fmaster%2foldepisodes.txt&quot;,return",
                "steps": [
                    ".*{clearname}.*{season:02d}.*{episode:02d}.*"
                ],
					"action": "ACTIVATE"
            },
            {
                "link": "plugin://plugin.video.themagicdragon/?fanart=https%3a%2f%2fgithub.com%2ftombebbs1%2fmagicdragon%2fblob%2fmaster%2ffanart.jpg%3fraw%3dtrue&amp;mode=1&amp;name=%5bB%5d%5bI%5d%5bCOLORgold%5dCatch%20Up%20TV%5b%2fB%5d%5b%2fI%5d%5b%2fCOLOR%5d&amp;url=https%3a%2f%2fraw.githubusercontent.com%2ftombebbs1%2fmagicdragon%2fmaster%2flatesttv.txt&quot;,return",
                "steps": [
                    ".*{clearname}.*{season}.*{episode}.*"
                ],
					"action": "ACTIVATE"
            }
  ]
 ],
 "musicvideos"  : [],
 "music"        : [],
 "live"         : []
}