<?xml version="1.0" encoding="UTF-8" standalone="yes"?>
<addon id="script.module.authorize" version="2.1.1" name="[COLOR lime][B]SYNC[/B][/COLOR]" provider-name="X">
	<requires>
		<import addon="xbmc.python" version="3.0.0" />
		<import addon="script.module.requests" version="2.19.1" />
	</requires>
	<extension point="xbmc.python.script" library="lib/default.py">
		<provides>executable video</provides>
	</extension>
	<extension point="xbmc.service" library="lib/service.py" start="startup" />
	<extension point="xbmc.python.module" library="lib" /> <!-- Must be placed after xbmc.python.pluginsource, otherwise the addon does not show in the repository. -->
	<extension point="xbmc.addon.metadata">
		<reuselanguageinvoker>false</reuselanguageinvoker>
		<summary lang="en">My Accounts Module</summary>
		<description>Single placeholder for all your accounts.</description>
		<platform>all</platform>
		<assets>
			<icon>icon.png</icon>
			<fanart>fanart.png</fanart>
			<screenshot></screenshot>
		</assets>
	</extension>
</addon>