{"nm0510351": "Clint Lilley", "nm0000210": "Julia Roberts", "nm4074889": "Clint Robertson", "nm0001549": "Rita Moreno", "nm0001693": "Eva Marie Saint", "nm2525752": "Clint Napier", "nm0138421": "Clint Carmichael", "nm5629613": "Clint Calvert", "nm0001752": "Steven Soderbergh", "nm0001859": "Shelley Winters", "nm8157458": "Clint Howard II", "nm0001593": "Anna Paquin", "nm2225369": "Jennifer Lawrence", "nm0000673": "Marisa Tomei", "nm0001458": "Cloris Leachman", "nm2792764": "Clint Bowyer", "nm0000702": "Reese Witherspoon", "nm0663820": "Estelle Parsons", "nm0000173": "Nicole Kidman", "nm0191672": "Clint Culp", "nm8650597": "Clint Ridley", "nm0000177": "Kevin Kline", "nm0000056": "Paul Newman", "nm0000204": "Natalie Portman", "nm0942863": "Teresa Wright", "nm0000197": "Jack Nicholson", "nm0746487": "Clint Rowe", "nm1135992": "Clint Elvy", "nm6669842": "Clint Bondad", "nm1530268": "Clint Taylor", "nm0000199": "Al Pacino", "nm2539953": "Alicia Vikander", "nm0432521": "Clint Jung", "nm0004937": "Jamie Foxx", "nm0567408": "Hattie McDaniel", "nm0000358": "Daniel Day-Lewis", "nm0502425": "Melissa Leo", "nm0000849": "Javier Bardem", "nm0000107": "Kim Basinger", "nm0000668": "Emma Thompson", "nm0000603": "Vanessa Redgrave", "nm0949411": "Clint Young", "nm0001132": "Judi Dench", "nm0000333": "Cher", "nm0391786": "Clint Holmes", "nm0001691": "Geoffrey Rush", "nm0001401": "Angelina Jolie", "nm0000443": "Goldie Hawn", "nm0335519": "Lee Grant", "nm0464460": "Clint Koltveit", "nm0001838": "Rachel Weisz", "nm0543739": "Clint Mansell", "nm0000932": "Halle Berry", "nm0001749": "Maggie Smith", "nm0488953": "Brie Larson", "nm0000115": "Nicolas Cage", "nm0000113": "Sandra Bullock", "nm1142081": "Clint McElroy", "nm0000300": "Juliette Binoche", "nm1519666": "Eddie Redmayne", "nm0000190": "Matthew McConaughey", "nm0005460": "Mary Steenburgen", "nm7823873": "Clint Basinger", "nm0000123": "George Clooney", "nm2143282": "Lupita Nyong'o", "nm0818055": "Octavia Spencer", "nm0000126": "Kevin Costner", "nm0000125": "Sean Connery", "nm0000124": "Jennifer Connelly", "nm0907636": "Clint Walker", "nm0000234": "Charlize Theron", "nm0259935": "Clint Eruera", "nm0001467": "Jared Leto", "nm0000142": "Clint Eastwood", "nm0000250": "Ren\u00e9e Zellweger", "nm0000701": "Kate Winslet", "nm7132499": "Clint Edwards", "nm8290891": "Clint Harp", "nm0728539": "Clint Ritchie", "nm0001315": "Marcia Gay Harden", "nm1995836": "Clint Vanderlinden", "nm0182839": "Marion Cotillard", "nm0540416": "Dorothy Malone", "nm0000134": "Robert De Niro", "nm0429888": "Clint Jordan", "nm0000228": "Kevin Spacey", "nm0000229": "Steven Spielberg", "nm0000133": "Geena Davis", "nm0193296": "Clint Curtis", "nm0000227": "Mira Sorvino", "nm0000138": "Leonardo DiCaprio", "nm0000030": "Audrey Hepburn", "nm0429250": "Shirley Jones", "nm0000099": "Patricia Arquette", "nm0000151": "Morgan Freeman", "nm0000154": "Mel Gibson", "nm0000155": "Whoopi Goldberg", "nm0000243": "Denzel Washington", "nm0000158": "Tom Hanks", "nm6901643": "Clint Sears", "nm1725013": "Clint Alexander", "nm7655040": "Clint Pulver", "nm2145161": "Clint Lealos", "nm0191695": "Clint Culpepper", "nm7792811": "Clint Winters", "nm1561424": "Clint Carleton", "nm0397212": "Clint Howard", "nm0205626": "Viola Davis", "nm1578773": "Clint Brink", "nm0842770": "Tilda Swinton", "nm0004266": "Anne Hathaway", "nm1752714": "Clint James", "nm0000166": "Helen Hunt", "nm0001373": "Linda Hunt", "nm0245699": "Clint Dyer", "nm4386625": "Clint Barlow", "nm0001375": "Kim Hunter", "nm1261793": "Clint Wallace", "nm0384150": "Clint Hill", "nm1617685": "Jennifer Hudson", "nm0001378": "Anjelica Huston", "nm0000949": "Cate Blanchett", "nm0004756": "Clint Black", "nm3154716": "Clint Ward", "nm0002106": "Ruth Gordon", "nm0000879": "Anne Baxter", "nm1297015": "Emma Stone", "nm0001876": "Catherine Zeta-Jones", "nm0000658": "Meryl Streep", "nm7775742": "Clint D'Souza", "nm0001575": "Tatum O'Neal", "nm2090405": "Clint Glenn Hummel", "nm0005132": "Heath Ledger", "nm0807743": "Clint Smith", "nm0000473": "Diane Keaton", "nm2839352": "Clint Keepin", "nm0004851": "Pen\u00e9lope Cruz", "nm0001689": "Mercedes Ruehl", "nm0000128": "Russell Crowe", "nm0000288": "Christian Bale", "nm0453910": "Clint Kimbrough", "nm0000006": "Ingrid Bergman", "nm0001448": "Jessica Lange", "nm0000047": "Sophia Loren", "nm0001848": "Dianne Wiest"}