<?xml version="1.0" encoding="UTF-8" standalone="yes"?>
<addon id="plugin.program.movieorshow" name="[COLOR lime][B]MOVIE OR TV?[/B][/COLOR]" version="1.0.1" provider-name="X">
  <requires>
    <import addon="xbmc.python" version="2.1.0"/>
  </requires>
  <extension point="xbmc.python.pluginsource" library="default.py">
        <provides>executable video</provides>
  </extension>
  <extension point="xbmc.service" library="default.py" start="startup" />
  <extension point="xbmc.addon.metadata">
    <summary lang="en">Movie or Show chooser</summary>
    <description lang="en"></description>
    <platform>all</platform>
  </extension>
</addon>
