<?xml version="1.0" encoding="UTF-8" standalone="yes"?>
<addon id="plugin.program.lebuildrestore" name="[COLOR lime][B]KRYPTON RESTORE[/B][/COLOR]" version="1.9.0" provider-name="MR ED REPO">
  <requires>
    <import addon="xbmc.gui" version="5.12.0"/>
  	<import addon="script.module.requests" />
  </requires>
  <extension point="xbmc.python.pluginsource" library="default.py">
        <provides>executable</provides>
  </extension>
  <extension point="xbmc.addon.metadata">
    <summary lang="en">KRYPTON Restore</summary>
    <description lang="en">Restore KRYPTON </description>
    <platform>all</platform>
  </extension>
</addon>
