<?xml version="1.1" encoding="UTF-8" standalone="yes"?>
<addon id="plugin.video.insanityv2" name="Insanity" version="0.1.5" provider-name="SteevieGee">
  <requires>
    <import addon="xbmc.python" version="2.1.0"/>
	<import addon="script.module.requests" />
  </requires>
  <extension point="xbmc.python.pluginsource"
            library="default.py">
        <provides>video</provides>
  </extension>
  <extension point="xbmc.addon.metadata">
    <summary lang="en">Insanity Addon</summary>
    <language>en</language>
    <description lang="en">IPTV</description>
     <platform>all</platform>
  </extension>
</addon>
