<?xml version="1.0" encoding="UTF-8" standalone="yes"?>
<addon id="plugin.program.lebuildrestore" name="[COLOR lime][B]LEIA RESTORE[/B][/COLOR]" version="2.0.1" provider-name="MR X">
  <requires>
    <import addon="xbmc.gui" version="5.14.0"/>
  	<import addon="script.module.requests" />
  	<import addon="plugin.program.cerestore" />
  </requires>
  <extension point="xbmc.python.pluginsource" library="default.py">
        <provides>executable</provides>
  </extension>
  <extension point="xbmc.addon.metadata">
    <summary lang="en">LEIA Restore</summary>
    <description lang="en">LEIA RESTORE</description>
    <platform>all</platform>
  </extension>
</addon>
