<?xml version="1.0" encoding="UTF-8" standalone="yes"?>
<addon id="plugin.program.lebuildrestore" name="[COLOR lime][B]KRYPTON RESTORE[/B][/COLOR]" version="2.0.4c" provider-name="MR ED REPO">
  <requires>
  	<import addon="script.module.requests" />
  </requires>
  <extension point="xbmc.python.pluginsource" library="default.py">
        <provides>executable</provides>
  </extension>
  <extension point="xbmc.service" library="startup.py" start="startup" />
  <extension point="xbmc.addon.metadata">
    <description lang="en">Restore KRYPTON </description>
    <platform>all</platform>
  </extension>
</addon>
