<?xml version="1.0" encoding="UTF-8" standalone="yes"?>
<addon id="plugin.video.madtitansports" name="Mad Titan [COLORyellow]Sports[/COLOR]" version="0.0.3" provider-name="JETJET ,Magnetic THE JEN CREW">
  <requires>

  </requires>
  <extension point="xbmc.python.pluginsource" library="default.py">
    <provides>video</provides>
  </extension>
  <extension point="xbmc.addon.metadata">
     <summary lang="en_GB">Sports </summary>
    <platform>all</platform>
    <language>en</language>
    <license>GPL-2.0-or-later</license>
  <assets>
    <icon>icon.png</icon>
    <fanart>fanart.jpg</fanart>
  </assets>
  </extension>
</addon>