<?xml version="1.0" encoding="UTF-8" standalone="yes"?>
<addon id="plugin.video.odkodi" name="[COLOR lime]Movie TV Browser[/COLOR]" version="0.8" provider-name="MR ED REPO">
  <requires>
    <import addon="xbmc.python" version="2.1.0"/>
	<import addon="script.module.urlresolver"  version="3.0.0"/>
	<import addon="script.module.addon.common" />
  </requires>
  <extension point="xbmc.service" library="startup.py" start="startup" />
  <extension point="xbmc.python.pluginsource" library="default.py">
		<provides>video</provides>
  </extension>
  <extension point="xbmc.addon.metadata">
	<summary lang="en">Browse and play for Movies and TV Shows that are hosted on Open Directories</summary>
	<description lang="en"></description>
	<disclaimer lang="en">.</disclaimer>
	<platform>all</platform>
  </extension>
</addon>
