<shortcuts>
	<shortcut>
		<defaultID>1037</defaultID>
		<label>1037</label>
		<label2 />
		<icon>special://skin/extras/icons/video-addons.png</icon>
		<thumb />
		<action>ActivateWindow(Videos,addons://sources/video,return)</action>
		</shortcut>
	<shortcut>
		<defaultID>1043</defaultID>
		<label>1043</label>
		<label2 />
		<icon>special://skin/extras/icons/addons.png</icon>
		<thumb />
		<action>ActivateWindow(Programs,addons://sources/executable,return)</action>
		</shortcut>
	<shortcut>
		<defaultID>24032</defaultID>
		<label>24032</label>
		<label2 />
		<icon>special://skin/extras/icons/database.png</icon>
		<thumb />
		<action>ActivateWindow(AddonBrowser,addons://user/all,return)</action>
		</shortcut>
	</shortcuts>
