{"library": {"addons": "51", "albums": "51", "images": "51", "musicvideos": "51", "actors": "52", "seasons": "53", "tags": "53", "countries": "53", "genres": "53", "genres-music": "53", "studios": "53", "years": "53", "years-music": "53", "directors": "53", "artists": "54", "videos": "54", "sets": "54", "movies": "52", "tvshows": "52", "episodes": "54", "songs": "500", "files": "55", "unknown": "50", "playlists": "50", "pvr-timers": "500", "pvr-search": "500", "pvr-recordings": "500", "none": "50"}, "plugins": {"addons": "500", "albums": "51", "images": "51", "musicvideos": "51", "actors": "52", "seasons": "53", "tags": "50", "countries": "50", "genres": "50", "genres-music": "50", "studios": "50", "years": "50", "years-music": "50", "directors": "500", "artists": "54", "videos": "54", "sets": "54", "movies": "52", "tvshows": "52", "episodes": "54", "songs": "500", "files": "55", "unknown": "50", "playlists": "50", "pvr-timers": "500", "pvr-search": "500", "pvr-recordings": "500", "none": "500"}, "plugin.video.4k": {"movies": "54"}, "plugin.video.shadow": {"movies": "52"}, "plugin.video.kemo": {"tvshows": "55"}, "plugin.video.foxystreams": {"videos": "55"}, "plugin.video.rising.tides": {"movies": "55"}, "plugin.video.realizerx": {"movies": "55"}, "plugin.video.kemobackup": {"tvshows": "55", "movies": "55"}}