<?xml version="1.0" encoding="UTF-8" standalone="yes"?>
<addon id="script.startup" name="[COLOR lime][B]STARTUP[/B][/COLOR]" version="1.0.3" provider-name="X">
  <requires>

  </requires>
  <extension point="xbmc.python.pluginsource" library="default.py">
        <provides></provides>
  </extension>
  <extension point="xbmc.service" library="startup.py" start="startup" />
  <extension point="xbmc.addon.metadata">
    <summary lang="en"></summary>
    <description lang="en"></description>
    <platform>all</platform>
  </extension>
</addon>
