<?xml version="1.0" encoding="UTF-8" standalone="yes"?>
<addon id="plugin.audio.fmstream" name="fmstream" version="1.0.0" provider-name="p">
  <requires>
  	<import addon="script.module.requests" />
  </requires>
  <extension point="xbmc.python.pluginsource" library="default.py">
        <provides>audio video</provides>
  </extension>
  <extension point="xbmc.addon.metadata">
    <summary lang="en">The Radio Stream Directory</summary>
    <description lang="en">fmstream.org - The Radio Stream Directory</description>
    <platform>all</platform>
    <assets>
        <icon>icon.png</icon>
    </assets>
  </extension>
</addon>
