<sources>
    <programs>
        <default pathversion="1"></default>
    </programs>
    <video>
        <default pathversion="1"></default>
        <source>
            <name>Movies</name>
            <path pathversion="1">special://home/userdata/library/Movies/</path>
            <allowsharing>true</allowsharing>
        </source>
        <source>
            <name>TVShows</name>
            <path pathversion="1">special://home/userdata/library/TVShows/</path>
            <allowsharing>true</allowsharing>
        </source>
        <source>
            <name>Meta Movies</name>
            <path pathversion="1">special://home/userdata/library/meta/Movies/</path>
            <allowsharing>true</allowsharing>
        </source>
        <source>
            <name>Meta TVShows</name>
            <path pathversion="1">special://home/userdata/library/meta/TVShows/</path>
            <allowsharing>true</allowsharing>
        </source>
        <source>
            <name>IMDb Movies</name>
            <path pathversion="1">special://home/userdata/addon_data/plugin.video.imdb.watchlists/Movies/</path>
            <allowsharing>true</allowsharing>
        </source>
        <source>
            <name>IMDb TVShows</name>
            <path pathversion="1">special://home/userdata/addon_data/plugin.video.imdb.watchlists/TV/</path>
            <allowsharing>true</allowsharing>
        </source>
        <source>
            <name>Movies.hosein.best</name>
            <path pathversion="1">special://home/userdata/addon_data/plugin.video.hosein/Movies.hosein.best/</path>
            <allowsharing>true</allowsharing>
        </source>
        <source>
            <name>TV.hosein.best</name>
            <path pathversion="1">special://home/userdata/addon_data/plugin.video.hosein/TV.hosein.best/</path>
            <allowsharing>true</allowsharing>
        </source>
        <source>
            <name>OpenMeta Movies</name>
            <path pathversion="1">special://profile/addon_data/plugin.video.openmeta/Movies/</path>
            <thumbnail pathversion="1">/storage/.kodi/addons/plugin.video.openmeta/resources/media/movies.png</thumbnail>
            <allowsharing>true</allowsharing>
        </source>
        <source>
            <name>OpenMeta TV shows</name>
            <path pathversion="1">special://profile/addon_data/plugin.video.openmeta/TVShows/</path>
            <thumbnail pathversion="1">/storage/.kodi/addons/plugin.video.openmeta/resources/media/tv.png</thumbnail>
            <allowsharing>true</allowsharing>
        </source>
        <source>
            <name>Venom Movies</name>
            <path pathversion="1">/storage/.kodi/userdata/addon_data/plugin.video.venom/Movies/</path>
            <thumbnail pathversion="1">DefaultMovies.png</thumbnail>
            <allowsharing>true</allowsharing>
        </source>
        <source>
            <name>Venom TV Shows</name>
            <path pathversion="1">/storage/.kodi/userdata/addon_data/plugin.video.venom/TVShows/</path>
            <thumbnail pathversion="1">DefaultTVShows.png</thumbnail>
            <allowsharing>true</allowsharing>
        </source>
    </video>
    <music>
        <default pathversion="1"></default>
    </music>
    <pictures>
        <default pathversion="1"></default>
    </pictures>
    <files>
        <default pathversion="1"></default>
        <source>
            <name>kodi</name>
            <path pathversion="1">special://home/</path>
            <allowsharing>true</allowsharing>
        </source>
        <source>
            <name>REMOTE FOLDER</name>
            <path pathversion="1">/storage/.config/</path>
            <allowsharing>true</allowsharing>
        </source>
        <source>
            <name>REMOTE CONFIG FILES</name>
            <path pathversion="1">special://home/REMOTECONFIGFILES/</path>
            <allowsharing>true</allowsharing>
        </source>
        <source>
            <name>ADVANCED SETTINGS</name>
            <path pathversion="1">special://home/ADVANCEDSETTINGS/</path>
            <allowsharing>true</allowsharing>
        </source>
        <source>
            <name>KODI USB</name>
            <path pathversion="1">/media/KODI/</path>
            <allowsharing>true</allowsharing>
        </source>
        <source>
            <name>KIDS USB</name>
            <path pathversion="1">/media/KIDSUSB/</path>
            <allowsharing>true</allowsharing>
        </source>
        <source>
            <name>Android Apps</name>
            <path pathversion="1">http://archive.org/download/android_apks/</path>
            <allowsharing>true</allowsharing>
        </source>
        <source>
            <name>mr X</name>
            <path pathversion="1">http://mrxoo.github.io/</path>
            <allowsharing>true</allowsharing>
        </source>
    </files>
    <games>
        <default pathversion="1"></default>
    </games>
</sources>
