<favourites>
	<favourite name="Planet MMA" thumb="special://home/addons/plugin.video.ufc-finest/icon.png">ActivateWindow(10025,&quot;plugin://plugin.video.ufc-finest/?sf_options=fanart%3Dspecial%3A%2F%2Fhome%2Faddons%2Fplugin.video.ufc-finest%2Ffanart.jpg%26meta%3Dlabel%253DPlanet%252BMMA%26desc%3DPlanet+MMA+-+All+your+MMA+needs.%26_options_sf&quot;,return)</favourite>
	<favourite name="[COLOR white][B]Fight[/B][/COLOR] [COLOR red][B]Night[/B][/COLOR] [COLOR white][B]Live[/B][/COLOR]" thumb="http://i.imgur.com/FSq5L7u.png">ActivateWindow(10025,&quot;plugin://plugin.video.ufc-finest/?description&amp;fanart=http%3a%2f%2fi.imgur.com%2f012N6Gq.jpg&amp;mode=1&amp;name=%5bCOLOR%20white%5d%5bB%5dFight%5b%2fB%5d%5b%2fCOLOR%5d%20%5bCOLOR%20red%5d%5bB%5dNight%5b%2fB%5d%5b%2fCOLOR%5d%20%5bCOLOR%20white%5d%5bB%5dLive%5b%2fB%5d%5b%2fCOLOR%5d&amp;url=http%3a%2f%2fsupremacy.org.uk%2fMMA%2fUFCTv.xml&amp;sf_options=fanart%3Dhttp%3A%2F%2Fi.imgur.com%2F012N6Gq.jpg%26meta%3Dvotes%253D0%2526label%253D%25255BCOLOR%252Bwhite%25255D%25255BB%25255DFight%25255B%25252FB%25255D%25255B%25252FCOLOR%25255D%252B%25255BCOLOR%252Bred%25255D%25255BB%25255DNight%25255B%25252FB%25255D%25255B%25252FCOLOR%25255D%252B%25255BCOLOR%252Bwhite%25255D%25255BB%25255DLive%25255B%25252FB%25255D%25255B%25252FCOLOR%25255D%2526title%253D%25255BCOLOR%252Bwhite%25255D%25255BB%25255DFight%25255B%25252FB%25255D%25255B%25252FCOLOR%25255D%252B%25255BCOLOR%252Bred%25255D%25255BB%25255DNight%25255B%25252FB%25255D%25255B%25252FCOLOR%25255D%252B%25255BCOLOR%252Bwhite%25255D%25255BB%25255DLive%25255B%25252FB%25255D%25255B%25252FCOLOR%25255D%26_options_sf&quot;,return)</favourite>
	<favourite name="[COLOR white][B]UFC[/B][/COLOR] [COLOR red][B]Openload[/B][/COLOR]" thumb="http://i.imgur.com/bds6ZeD.png">ActivateWindow(10025,&quot;plugin://plugin.video.ufc-finest/?description&amp;fanart=http%3a%2f%2fi.imgur.com%2f012N6Gq.jpg&amp;mode=13&amp;name=%5bCOLOR%20white%5d%5bB%5dUFC%5b%2fB%5d%5b%2fCOLOR%5d%20%5bCOLOR%20red%5d%5bB%5dOpenload%5b%2fB%5d%5b%2fCOLOR%5d&amp;url=http%3a%2f%2fdx-tv.com%2fcategory%2fufc%2fufc-pay-per-views&amp;sf_options=fanart%3Dhttp%3A%2F%2Fi.imgur.com%2F012N6Gq.jpg%26meta%3Dvotes%253D0%2526label%253D%25255BCOLOR%252Bwhite%25255D%25255BB%25255DUFC%25255B%25252FB%25255D%25255B%25252FCOLOR%25255D%252B%25255BCOLOR%252Bred%25255D%25255BB%25255DOpenload%25255B%25252FB%25255D%25255B%25252FCOLOR%25255D%2526title%253D%25255BCOLOR%252Bwhite%25255D%25255BB%25255DUFC%25255B%25252FB%25255D%25255B%25252FCOLOR%25255D%252B%25255BCOLOR%252Bred%25255D%25255BB%25255DOpenload%25255B%25252FB%25255D%25255B%25252FCOLOR%25255D%26_options_sf&quot;,return)</favourite>
	<favourite name="PureSoccer &quot;YES I KNOW&quot;" thumb="special://home/addons/plugin.video.puresoccer/icon.png">ActivateWindow(10025,&quot;plugin://plugin.video.puresoccer/?sf_options=fanart%3Dspecial%3A%2F%2Fhome%2Faddons%2Fplugin.video.puresoccer%2Ffanart.jpg%26meta%3Dlabel%253DPureSoccer%26desc%3DIncludes+3PM+Kick-Offs%2C+EPL%2C+MLS+and+All+The+Rest+Of+The+Live+Football+Matches+From+Across+The+Globe%26_options_sf&quot;,return)</favourite>
	<favourite name="[COLOR green][B]U[/B][/COLOR][COLOR white][B]FC[/B][/COLOR]/[COLOR green][B]M[/B][/COLOR][COLOR white][B]MA[/B][/COLOR] REPLAYS" thumb="https://i.imgur.com/7jiwajh.jpg">ActivateWindow(10025,&quot;plugin://plugin.video.replayme/?iconimage=https%3a%2f%2fi.imgur.com%2f7jiwajh.jpg&amp;mode=2&amp;name=%5bCOLOR%20green%5d%5bB%5dU%5b%2fB%5d%5b%2fCOLOR%5d%5bCOLOR%20white%5d%5bB%5dFC%5b%2fB%5d%5b%2fCOLOR%5d%2f%5bCOLOR%20green%5d%5bB%5dM%5b%2fB%5d%5b%2fCOLOR%5d%5bCOLOR%20white%5d%5bB%5dMA%5b%2fB%5d%5b%2fCOLOR%5d&amp;url=http%3a%2f%2fbit.ly%2fUFCMMAREPLAYER&amp;sf_options=fanart%3Dhttps%3A%2F%2Fi.imgur.com%2FcuHToI8.png%26meta%3Dvotes%253D0%2526label%253D%25255BCOLOR%252Bgreen%25255D%25255BB%25255DU%25255B%25252FB%25255D%25255B%25252FCOLOR%25255D%25255BCOLOR%252Bwhite%25255D%25255BB%25255DFC%25255B%25252FB%25255D%25255B%25252FCOLOR%25255D%25252F%25255BCOLOR%252Bgreen%25255D%25255BB%25255DM%25255B%25252FB%25255D%25255B%25252FCOLOR%25255D%25255BCOLOR%252Bwhite%25255D%25255BB%25255DMA%25255B%25252FB%25255D%25255B%25252FCOLOR%25255D%2526title%253D%25255BCOLOR%252Bgreen%25255D%25255BB%25255DU%25255B%25252FB%25255D%25255B%25252FCOLOR%25255D%25255BCOLOR%252Bwhite%25255D%25255BB%25255DFC%25255B%25252FB%25255D%25255B%25252FCOLOR%25255D%25252F%25255BCOLOR%252Bgreen%25255D%25255BB%25255DM%25255B%25252FB%25255D%25255B%25252FCOLOR%25255D%25255BCOLOR%252Bwhite%25255D%25255BB%25255DMA%25255B%25252FB%25255D%25255B%25252FCOLOR%25255D%26_options_sf&quot;,return)</favourite>
	<favourite name="[COLOR pink][B]L[/B][/COLOR][COLOR white][B]ive[/B][/COLOR] [COLOR red][B]P[/B][/COLOR][COLOR white][B]PV[/B][/COLOR] [COLOR pink][B]E[/B][/COLOR][COLOR white][B]vents[/B][/COLOR]" thumb="https://i.imgur.com/XcIr4P6.png">ActivateWindow(10025,&quot;plugin://plugin.video.Rising.Tides/?fanart=https%3a%2f%2fcleeng.com%2fblog%2fwp-content%2fuploads%2f2017%2f02%2fLive-PPV-piracy-e1487848574731.jpg&amp;iconimage=https%3a%2f%2fi.imgur.com%2fXcIr4P6.png&amp;mode=1&amp;name=%5bCOLOR%20pink%5d%5bB%5dL%5b%2fB%5d%5b%2fCOLOR%5d%5bCOLOR%20white%5d%5bB%5dive%5b%2fB%5d%5b%2fCOLOR%5d%20%5bCOLOR%20red%5d%5bB%5dP%5b%2fB%5d%5b%2fCOLOR%5d%5bCOLOR%20white%5d%5bB%5dPV%5b%2fB%5d%5b%2fCOLOR%5d%20%5bCOLOR%20pink%5d%5bB%5dE%5b%2fB%5d%5b%2fCOLOR%5d%5bCOLOR%20white%5d%5bB%5dvents%5b%2fB%5d%5b%2fCOLOR%5d&amp;url=http%3a%2f%2fbit.ly%2fPPVXMLZ&amp;sf_options=fanart%3Dhttps%3A%2F%2Fcleeng.com%2Fblog%2Fwp-content%2Fuploads%2F2017%2F02%2FLive-PPV-piracy-e1487848574731.jpg%26meta%3Dvotes%253D0%2526label%253D%25255BCOLOR%252Bpink%25255D%25255BB%25255DL%25255B%25252FB%25255D%25255B%25252FCOLOR%25255D%25255BCOLOR%252Bwhite%25255D%25255BB%25255Dive%25255B%25252FB%25255D%25255B%25252FCOLOR%25255D%252B%25255BCOLOR%252Bred%25255D%25255BB%25255DP%25255B%25252FB%25255D%25255B%25252FCOLOR%25255D%25255BCOLOR%252Bwhite%25255D%25255BB%25255DPV%25255B%25252FB%25255D%25255B%25252FCOLOR%25255D%252B%25255BCOLOR%252Bpink%25255D%25255BB%25255DE%25255B%25252FB%25255D%25255B%25252FCOLOR%25255D%25255BCOLOR%252Bwhite%25255D%25255BB%25255Dvents%25255B%25252FB%25255D%25255B%25252FCOLOR%25255D%2526title%253D%25255BCOLOR%252Bpink%25255D%25255BB%25255DL%25255B%25252FB%25255D%25255B%25252FCOLOR%25255D%25255BCOLOR%252Bwhite%25255D%25255BB%25255Dive%25255B%25252FB%25255D%25255B%25252FCOLOR%25255D%252B%25255BCOLOR%252Bred%25255D%25255BB%25255DP%25255B%25252FB%25255D%25255B%25252FCOLOR%25255D%25255BCOLOR%252Bwhite%25255D%25255BB%25255DPV%25255B%25252FB%25255D%25255B%25252FCOLOR%25255D%252B%25255BCOLOR%252Bpink%25255D%25255BB%25255DE%25255B%25252FB%25255D%25255B%25252FCOLOR%25255D%25255BCOLOR%252Bwhite%25255D%25255BB%25255Dvents%25255B%25252FB%25255D%25255B%25252FCOLOR%25255D%26_options_sf&quot;,return)</favourite>
</favourites>