<favourites>
	<favourite name="[COLOR=blue][B]T[/COLOR][COLOR=dodgerblue]R[/COLOR] [COLOR=white]Community Builds[/COLOR][/B]" thumb="special://home/addons\plugin.program.community.builds\icon.png">ActivateWindow(10001,&quot;plugin://plugin.program.community.builds/&quot;,return)</favourite>
	<favourite name="Fresh Start" thumb="special://home/addons\plugin.video.freshstart\icon.png">ActivateWindow(10001,&quot;plugin://plugin.video.freshstart/?sf_options=fanart%3Dspecial%3A%2F%2Fhome%2Faddons%5Cplugin.video.freshstart%5Cfanart.jpg%26_options_sf&quot;,return)</favourite>
	<favourite name="RESTORE GUISETTINGS.XML" thumb="http://totalxbmc.tv/totalrevolution/art//Restore.png">ActivateWindow(10001,&quot;plugin://plugin.program.community.builds/?description=Restore%20Your%20Data&amp;fanart&amp;mode=restore_option&amp;name=Restore%20My%20Content&amp;url=url&amp;video&quot;,return)</favourite>
	<favourite name="Clear Temp Files" thumb="http://tribeca.tvaddons.ag/tools/maintenance/thumbs/clearcache.jpg">ActivateWindow(10001,&quot;plugin://plugin.video.xbmchubmaintenance/?fanart=special://home/addons%5cplugin.video.xbmchubmaintenance%5cfanart.jpg&amp;iconimage=http%3a%2f%2ftribeca.tvaddons.ag%2ftools%2fmaintenance%2fthumbs%2fclearcache.jpg&amp;mode=4&amp;name=Clear%20Cache&amp;url=url&amp;sf_options=fanart%3Dspecial%3A%2F%2Fhome%2Faddons%5Cplugin.video.xbmchubmaintenance%5Cfanart.jpg%26desc%3DClear+Cache%26_options_sf&quot;,return)</favourite>
	<favourite name="TO FIX OPENLOAD CLICK HERE THEN FIND URLResolver" thumb="DefaultFolder.png">ActivateWindow(10040,&quot;addons://dependencies/&quot;,return)</favourite>
</favourites>