<?xml version="1.0" encoding="UTF-8" standalone="yes"?>
<addon id="repository.mredrepo" name="[COLOR lime]MR ED REPO[/COLOR]" version="2.1" provider-name="MR ED REPO">
	<extension point="xbmc.addon.repository" name="MR ED REPO">
		<info compressed="false">https://github.com/mredrepo/repokodi/raw/master/addons.xml</info>
		<checksum>https://github.com/mredrepo/repokodi/raw/master/addons.xml.md5</checksum>
		<datadir zip="true">https://github.com/mredrepo/repokodi/raw/master/</datadir>
	</extension>
	<extension point="xbmc.addon.metadata">
		<summary>Mr Eds Repo</summary>
		<description>Install Mr Ed's Update Wizard and other addons</description>
		<platform>all</platform>
	</extension>
</addon>

