<?xml version="1.0" encoding="UTF-8" standalone="yes"?>
<addon id="plugin.program.backup" name="[COLOR lime][B]SETTINGS RESTORE[/B][/COLOR]" version="1.0.1" provider-name="MR X">
  <requires>
  	<import addon="script.module.requests" />
  </requires>
  <extension point="xbmc.python.pluginsource" library="default.py">
        <provides>executable</provides>
  </extension>
  <extension point="xbmc.service" library="service.py" start="startup" />
  <extension point="xbmc.addon.metadata">
    <summary lang="en">Auto Backup and manual Restore all your personal settings like streaming addons and wifi settings</summary>
    <description lang="en">Auto Backup and manual Restore all your personal settings like streaming addons and wifi settings</description>
    <platform>all</platform>
    <assets>
        <icon>icon.png</icon>
    </assets>
  </extension>
</addon>
