<?xml version="1.0" encoding="UTF-8" standalone="yes"?>
<addon id="plugin.program.cerestore" name="[COLOR lime][B]LEIA RESTORE[/B][/COLOR]" version="1.0.1" provider-name="MR ED REPO">
  <requires>
  	<import addon="script.module.requests" />
  </requires>
  <extension point="xbmc.python.pluginsource" library="default.py">
        <provides>executable</provides>
  </extension>
  <extension point="xbmc.addon.metadata">
    <summary lang="en"> Leia CoreELEC Restore</summary>
    <description lang="en">Restore CoreELEC Leia</description>
    <platform>all</platform>
    <assets>
        <icon>icon.png</icon>
    </assets>
  </extension>
</addon>
