{
	"name"         : "1d) Video On Demand V2",
	"plugin"       : "plugin.video.vodv2",
	"priority"     : 100,
    "id": "provider.vadercatchup.k",
	"filters"      : {},
	"postprocess"  : "",
	"music"        : [],
    "movies": [
        [
            {
                "link": "xplugin://plugin.video.vodv2/?description&amp;iconimage=D%3a%5cKODI%5cportable_data%5caddons%5cplugin.video.vodv2%5cicon.png&amp;mode=333&amp;name=%5bCOLOR%20white%5dAll%20Movies%5b%2fCOLOR%5d&amp;url=vod&quot;,return",
                "steps": [
					"keyboard: {title}",
                    "{title}.*"
                ],
					"action": "PLAY"
            }			
        ]
    ],
    "tvshows": [
        [
            {
		"link": "xplugin://plugin.video.vodv2/",
		"steps": [
			".*]TV Shows.*",
			".*TV Show Categories.*",
			"All",			
			"{clearname}",
			"Season {season}",
			"Episode {episode:02d}"
		],
			"action": "PLAY"
            }
        ]
    ]
}