<favourites>
	<favourite name="Search File Pursuit" thumb="DefaultTVShows.png">ActivateWindow(10025,&quot;plugin://plugin.video.filepursuit/?action=tvSearchnew&quot;,return)</favourite>
	<favourite name="Trakt TV Show Search FP" thumb="special://home/addons/plugin.video.fp/resources/img/trakt.png">ActivateWindow(10025,&quot;plugin://plugin.video.fp/trakt_tv_search_dialog?sf_options=meta%3Dlabel%253DTrakt%252BTV%252BShow%252BSearch%26_options_sf&quot;,return)</favourite>
	<favourite name="Search Placenta" thumb="special://home/addons\script.placenta.artwork\resources\media\placenta\search.png">ActivateWindow(10025,&quot;plugin://plugin.video.placenta/?action=tvSearch&quot;,return)</favourite>
	<favourite name="Search Elysium" thumb="special://home/addons\script.elysium.artwork\resources\media\Default\search.png">ActivateWindow(10025,&quot;plugin://plugin.video.elysium/?action=tvSearch&amp;sf_options=fanart%3Dspecial%3A%2F%2Fhome%2Faddons%5Cscript.elysium.artwork%5Cresources%5Cmedia%5CDefault%5Cfanart.jpg%26meta%3Dlabel%253DSearch%26_options_sf&quot;,return)</favourite>
	<favourite name="Search Covenant" thumb="special://home/addons\script.covenant.artwork\resources\media\covenant\search.png">ActivateWindow(videos,&quot;plugin://plugin.video.covenant/?action=tvSearchnew&quot;,return)</favourite>
	<favourite name="Search Specto" thumb="special://home/addons\script.specto.media\resources\media\gone\tvSearch.jpg">ActivateWindow(10025,&quot;plugin://plugin.video.specto/?action=tvSearch&amp;sf_options=fanart%3Dspecial%3A%2F%2Fhome%2Faddons%5Cscript.specto.media%5Cresources%5Cmedia%5Cgone%5Cfanart.jpg%26meta%3Dlabel%253DSearch%26_options_sf&quot;,return)</favourite>
	<favourite name="Search Exodus" thumb="special://home/addons\script.exodus.artwork\resources\media\exodus\search.png">ActivateWindow(10025,&quot;plugin://plugin.video.exodus/?action=tvSearch&amp;sf_options=fanart%3Dspecial%3A%2F%2Fhome%2Faddons%5Cscript.exodus.artwork%5Cresources%5Cmedia%5Cexodus%5Cfanart.jpg%26meta%3Dlabel%253DSearch%26_options_sf&quot;,return)</favourite>
	<favourite name="Search Duckpool" thumb="icon.png">ActivateWindow(10025,&quot;plugin://script.icechannel/?duckpool_path=%20%3a%20Search%20%3a%20Search%20TV%20Shows&amp;fanart=fanart.jpg&amp;img=icon.png&amp;indexer=tv_shows&amp;mode=search&amp;section=search&amp;title=Search%20TV%20Shows&amp;sf_options=fanart%3Dfanart.jpg%26meta%3Dvotes%253D0%2526label%253DSearch%252BTV%252BShows%2526title%253DSearch%252BTV%252BShows%26_options_sf&quot;,return)</favourite>
	<favourite name="Search Incursion" thumb="special://home/addons/script.incursion.artwork/resources/media/incursion/search.png">ActivateWindow(10025,&quot;plugin://plugin.video.incursion/?action=tvSearch&amp;sf_options=fanart%3Dspecial%3A%2F%2Fhome%2Faddons%2Fscript.incursion.artwork%2Fresources%2Fmedia%2Fincursion%2Ffanart.jpg%26meta%3Dlabel%253DSearch%26_options_sf&quot;,return)</favourite>
	<favourite name="Search Neptune Rising" thumb="special://home/addons\script.neptune.artwork\resources\media\neptune\search.jpg">ActivateWindow(10025,&quot;plugin://plugin.video.neptune/?action=tvSearch&amp;sf_options=fanart%3Dspecial%3A%2F%2Fhome%2Faddons%5Cscript.neptune.artwork%5Cresources%5Cmedia%5Cneptune%5Cfanart.jpg%26meta%3Dlabel%253DSearch%26_options_sf&quot;,return)</favourite>
	<favourite name="Search Magicality" thumb="special://home/addons\script.magicality.artwork\resources\media\resistance\search.png">ActivateWindow(10025,&quot;plugin://plugin.video.magicality/?action=tvSearch&amp;sf_options=fanart%3Dspecial%3A%2F%2Fhome%2Faddons%5Cscript.magicality.artwork%5Cresources%5Cmedia%5Cresistance%5Cfanart.jpg%26meta%3Dlabel%253DTV%252BShows%26_options_sf&quot;,return)</favourite>
	<favourite name="[COLOR FFffffffff][COLOR gold][B]Search[/B][/COLOR][/COLOR] Firecat" thumb="special://home/addons\plugin.video.firecat\icon.png">ActivateWindow(10025,&quot;plugin://plugin.video.firecat/?description=No%20information%20available&amp;fanart=D%3a%5cKODI%5cportable_data%5caddons%5cplugin.video.firecat%5cfanart.jpg&amp;iconimage=D%3a%5cKODI%5cportable_data%5caddons%5cplugin.video.firecat%5cicon.png&amp;mode=tmdb&amp;name=%5bCOLOR%20FFffffffff%5d%5bCOLOR%20gold%5d%5bB%5dSearch%5b%2fB%5d%5b%2fCOLOR%5d%5b%2fCOLOR%5d&amp;url=search&amp;sf_options=fanart%3Dspecial%3A%2F%2Fhome%2Faddons%5Cplugin.video.firecat%5Cfanart.jpg%26meta%3Dplot%253DNo%252Binformation%252Bavailable%2526votes%253D0%2526label%253D%25255BCOLOR%252BFFffffffff%25255D%25255BCOLOR%252Bgold%25255D%25255BB%25255DSearch%25255B%25252FB%25255D%25255B%25252FCOLOR%25255D%25255B%25252FCOLOR%25255D%2526title%253D%25255BCOLOR%252BFFffffffff%25255D%25255BCOLOR%252Bgold%25255D%25255BB%25255DSearch%25255B%25252FB%25255D%25255B%25252FCOLOR%25255D%25255B%25252FCOLOR%25255D%26desc%3DNo+information+available%26_options_sf&quot;,return)</favourite>
</favourites>