<?xml version="1.0" encoding="UTF-8" standalone="yes"?>
<addon id="plugin.program.mredrepobasewizard" name="[COLOR lime]Fresh Start for Android[/COLOR]" version="0.1.1" provider-name="MR ED REPO">
  <requires>
    <import addon="xbmc.python" version="2.1.0"/>
  </requires>
  <extension point="xbmc.python.pluginsource" library="default.py">
    <provides>executable</provides>
  </extension>
  <extension point="xbmc.addon.metadata">
    <summary lang="en">mredrepobasewizard</summary>
    <description lang="en">Base build wizard</description>
    <platform>all</platform>
  </extension>
</addon>