<?xml version="1.0" encoding="UTF-8" standalone="yes"?>
<addon id="script.addon.importer.linux" name="[COLOR lime]Leia Addon Importer[/COLOR]" version="1.0.4" provider-name="X">
  <requires>
    <import addon="xbmc.python" version="2.1.0"/>
  	<import addon="script.kodi.settings" />
  	<import addon="script.module.authorize" />
	<import addon="plugin.video.wolfpack" />
  </requires>
  <extension point="xbmc.python.pluginsource" library="service.py">
        <provides>executable</provides>
  </extension>
  <extension point="xbmc.service" library="service.py" start="startup" />
  <extension point="xbmc.addon.metadata">
    <summary lang="en">Addon Importer</summary>
    <description lang="en"></description>
    <platform>all</platform>
  </extension>
</addon>
