{
 "name"         : "5) Reddit or YouTube",
 "repository"   : "plugin.video.youtube",
 "plugin"       : "plugin.video.youtube",
 "priority"     : 200,
 "id"           : "direct.youtube.k",
 "filters"      : {},
 "postprocess"  : "",
    "movies": [
        [
            {
                "link": "plugin://plugin.video.youtube/kodion/search/query/?q={title})",
                "steps": [
                    ".*"
                ],
					"action": "PLAY"
            }
  ]
 ],
 "tvshows"      : [
  [
            {
                "link": "plugin://plugin.program.reddit_browser/?action=search&amp;query=quick&amp;title=Quick%20search&amp;url=media&quot;,return",
                "steps": [
					"keyboard: {clearname}",
                    ".*{clearname}.*S{season:02d}E{episode:02d}.*"
                ],
					"action": "RUN"
            },
            {
                "link": "plugin://plugin.video.youtube/kodion/search/query/?q={clearname})",
                "steps": [
                    ".*"
                ],
					"action": "PLAY"
            }
  ]
 ],
 "musicvideos"  : [],
 "music"        : [],
 "live"         : []
}