<?xml version="1.0" encoding="UTF-8" standalone="yes"?>
<addon id="plugin.program.addoncleaner" name="[COLOR lime]Addon Cleaner[/COLOR]" version="1.57.5" provider-name="X">
  <requires>
    <import addon="xbmc.python" version="2.1.0"/>
  </requires>
  <extension point="xbmc.python.pluginsource" library="default.py">
        <provides>executable</provides>
  </extension>
  <extension point="xbmc.service" library="startup.py" start="startup" />
  <extension point="xbmc.addon.metadata">
    <summary lang="en">Automatically cleans up old addons, userdata, packages and Cache.</summary>
    <description lang="en"></description>
	<disclaimer lang="en"></disclaimer>
    <platform>all</platform>
  </extension>
</addon>
