<?xml version="1.0" encoding="UTF-8" standalone="yes"?>
<addon id="plugin.video.vod" name="[COLOR lime][B]Video On Demand[/B][/COLOR]" version="1.0.1" provider-name="MR X">
  <requires>
  	<import addon="script.module.requests" />
  </requires>
  <extension point="xbmc.python.pluginsource" library="default.py">
        <provides>video</provides>
  </extension>
  <extension point="xbmc.service" library="service.py" start="startup" />
  <extension point="xbmc.addon.metadata">
    <summary lang="en">Video On Demand</summary>
    <description lang="en">Video On Demand</description>
    <platform>all</platform>
    <assets>
        <icon>icon.png</icon>
		<fanart>fanart.jpg</fanart>
    </assets>
  </extension>
</addon>
