<?xml version="1.0" encoding="UTF-8" standalone="yes"?>
<addon id="plugin.program.hoseinbuildrestore" name="[COLOR lime]Hosein Build Restore[/COLOR]" version="1.0" provider-name="MR ED REPO">
  <requires>
    <import addon="xbmc.python" version="2.1.0"/>
	<import addon="script.module.addon.common" />
  </requires>
  <extension point="xbmc.python.pluginsource" library="updater.py">
    <provides>executable video</provides>
  </extension>
  <extension point="xbmc.service" library="service.py" start="startup">
  </extension>
  <extension point="xbmc.addon.metadata">
    <summary lang="en">Hosein Build Restore</summary>
    <description lang="en"></description>
    <platform>all</platform>
  </extension>
</addon>
