<shortcuts>
	<shortcut>
		<defaultID>1037</defaultID>
		<label>1037</label>
		<label2 />
		<icon>special://skin/extras/icons/video-addons.png</icon>
		<thumb />
		<action>ActivateWindow(Videos,addons://sources/video,return)</action>
		</shortcut>
	<shortcut>
		<defaultID>1043</defaultID>
		<label>1043</label>
		<label2 />
		<icon>special://skin/extras/icons/addons.png</icon>
		<thumb />
		<action>ActivateWindow(Programs,addons://sources/executable,return)</action>
		</shortcut>
	<shortcut>
		<defaultID>24032</defaultID>
		<label>24032</label>
		<label2 />
		<icon>special://skin/extras/icons/database.png</icon>
		<thumb />
		<action>ActivateWindow(AddonBrowser,addons://user/all,return)</action>
		</shortcut>
	<shortcut>
		<defaultID>13013</defaultID>
		<label>13013</label>
		<label2>Kodi Command</label2>
		<icon>DefaultShortcut.png</icon>
		<thumb />
		<action>Reboot</action>
		</shortcut>
	<shortcut>
		<defaultID>13016</defaultID>
		<label>13016</label>
		<label2>Kodi Command</label2>
		<icon>DefaultShortcut.png</icon>
		<thumb />
		<action>PowerDown</action>
		</shortcut>
	<shortcut>
		<defaultID>31313</defaultID>
		<label>$SKIN[31313|skin.arctic.horizon|None]</label>
		<label2>Power</label2>
		<icon>special://skin/extras/icons/android.png</icon>
		<thumb />
		<action>RebootToAndroid</action>
		</shortcut>
	</shortcuts>
