<shortcuts>
	<shortcut>
		<defaultID />
		<label>Popular Movies</label>
		<label2>Video Add-On</label2>
		<icon>DefaultShortcut.png</icon>
		<thumb>thumb</thumb>
		<action>ActivateWindow(Videos,"plugin://plugin.video.themoviedb.helper/?info=popular&amp;tmdb_type=movie&amp;widget=true",return)</action>
		</shortcut>
	<shortcut>
		<defaultID />
		<label>In Theatres</label>
		<label2>Video Add-On</label2>
		<icon>DefaultShortcut.png</icon>
		<thumb>thumb</thumb>
		<action>ActivateWindow(Videos,"plugin://plugin.video.themoviedb.helper/?info=now_playing&amp;tmdb_type=movie&amp;widget=true",return)</action>
		</shortcut>
	<shortcut>
		<defaultID />
		<label>Family Movies</label>
		<label2>Video Add-On</label2>
		<icon>DefaultShortcut.png</icon>
		<thumb>image://%2fstorage%2f.kodi%2faddons%2fplugin.video.themoviedb.helper%2f%2fresources%2fposter.png/</thumb>
		<action>ActivateWindow(Videos,"plugin://plugin.video.themoviedb.helper/?info=discover&amp;tmdb_type=movie&amp;with_genres=10751&amp;with_id=True&amp;widget=true",return)</action>
		</shortcut>
	<shortcut>
		<defaultID />
		<label>Trakt Watchlist</label>
		<label2>Video Add-On</label2>
		<icon>DefaultShortcut.png</icon>
		<thumb>image://%2fstorage%2f.kodi%2faddons%2fplugin.video.themoviedb.helper%2f%2fresources%2fposter.png/</thumb>
		<action>ActivateWindow(Videos,"plugin://plugin.video.themoviedb.helper/?tmdb_type=movie&amp;list_name=Movies+Watchlist&amp;info=trakt_watchlist&amp;sort_by=added&amp;sort_how=desc&amp;widget=true",return)</action>
		</shortcut>
	<shortcut>
		<defaultID />
		<label>Search Movies</label>
		<label2>Video Add-On</label2>
		<icon>DefaultShortcut.png</icon>
		<thumb>image://%2fstorage%2f.kodi%2faddons%2fplugin.video.themoviedb.helper%2f%2fresources%2ficons%2ftmdb%2fsearch.png/</thumb>
		<action>ActivateWindow(Videos,"plugin://plugin.video.themoviedb.helper/?info=dir_search&amp;tmdb_type=movie&amp;widget=true",return)</action>
		</shortcut>
	</shortcuts>
