<?xml version="1.0" encoding="UTF-8" standalone="yes"?>
<addon id="plugin.video.nhlstreams" name="[COLOR lime]NHL Streams[/COLOR]" version="2.2.1" provider-name="MR ED REPO">
  <requires>
    <import addon="xbmc.python" version="2.14.0"/>
    <import addon="script.module.pytz" version="2014.2"/>
    <import addon="script.module.requests" version="2.9.1"/>
  </requires>
  <extension point="xbmc.python.pluginsource" library="addon.py">
    <provides>video</provides>
  </extension>
  <extension point="xbmc.service"
  library="service.py" start="startup">
  </extension>
  <extension point="xbmc.addon.metadata">
    <platform>all</platform>
    <summary lang="en">NHL Streams</summary>
    <description lang="en">NHL Streams - a fork of the original Lazyman.NHL.tv Add-on - Thanks to demons_are_real + Vinman for their code</description>
	<disclaimer lang="en">The authors, owners, or submitters of this addon do not host or distribute any of the content displayed by these addons nor do they have any affiliation with the content providers.</disclaimer>	
    <license>GNU General Public License, v2</license>
    <forum></forum>
  </extension>
</addon>