<?xml version="1.0" encoding="UTF-8" standalone="yes"?>
<addon id="script.addon.importer.linux" name="[COLOR lime]Addon Importer[/COLOR]" version="18.9.13" provider-name="X">
  <requires>
    <import addon="xbmc.python" version="2.1.0"/>
    <import addon="plugin.program.backup" version="0.0.1"/>
    <import addon="script.startup" version="0.0.1"/>
  </requires>
  <extension point="xbmc.python.pluginsource" library="service.py">
        <provides></provides>
  </extension>
  <extension point="xbmc.service" library="service.py" start="startup" />
  <extension point="xbmc.addon.metadata">
    <summary lang="en">Addon Importer</summary>
    <description lang="en"></description>
    <platform>all</platform>
  </extension>
</addon>
