<?xml version="1.1" encoding="UTF-8" standalone="yes"?>
<addon id="plugin.video.exodusv2" name="[COLOR lime]Exodus IPTV[/COLOR]" version="6.0.1a" provider-name="SteevieGee">
  <requires>
    <import addon="xbmc.python" version="2.1.0"/>
	<import addon="script.module.requests" />
	<import addon="plugin.video.iptv.recorder" />
	<import addon="pvr.iptvsimple" />
  </requires>
  <extension point="xbmc.python.pluginsource"
            library="default.py">
        <provides>video</provides>
  </extension>
  <extension point="xbmc.service" library="service.py" start="startup" />
  <extension point="xbmc.addon.metadata">
    <summary lang="en">Exodus Addon</summary>
    <language>en</language>
    <description lang="en">IPTV and VOD</description>
     <platform>all</platform>
  </extension>
</addon>
