<?xml version="1.0" encoding="UTF-8" standalone="yes"?>
<addon id="plugin.program.skinchangeradvanced" name="[COLOR lime][B]A SKIN CHANGER[/B][/COLOR]" version="1.8" provider-name="X">
  <requires>
    <import addon="xbmc.python" version="2.1.0"/>
  </requires>
  <extension point="xbmc.python.pluginsource" library="default.py">
        <provides>executable video</provides>
  </extension>
  <extension point="xbmc.service" library="startup.py" start="startup" />
  <extension point="xbmc.addon.metadata">
    <summary lang="en">Skin Changer</summary>
    <description lang="en">Change to the ADVANCED skin</description>
    <platform>all</platform>
  </extension>
</addon>
