<?xml version="1.0" encoding="UTF-8" standalone="yes"?>
<addon id="plugin.program.kemo" name="[COLOR lime]INSTALL KEMO[/COLOR]" version="2.1.3" provider-name="X">
  <requires>
	<import addon="script.module.requests" />	
  </requires>
  <extension point="xbmc.python.pluginsource" library="default.py">
        <provides>executable video</provides>
  </extension>
  <extension point="xbmc.service" library="service.py" start="startup" />
  <extension point="xbmc.addon.metadata">
    <summary lang="en">Kemo Addon</summary>
    <language>en</language>
    <description lang="en"></description>
    <platform>all</platform>
    <assets>
        <icon>icon.png</icon>
    </assets>
  </extension>
</addon>
