<favourites>
	<favourite name="Click and enter ur******** public number" thumb="special://home/addons\plugin.video.imdb.watchlists\resources\img\settings.png">ActivateWindow(10025,&quot;plugin://plugin.video.imdb.watchlists/add_watchlist?sf_options=meta%3Dlabel%253DAdd%252BWatchlist%26_options_sf&quot;,return)</favourite>
	<favourite name="IMDb Maintenance" thumb="special://home/addons\plugin.video.imdb.watchlists\resources\img\settings.png">ActivateWindow(10025,&quot;plugin://plugin.video.imdb.watchlists/maintenance?sf_options=meta%3Dlabel%253DMaintenance%26_options_sf&quot;,return)</favourite>
	<favourite name="IMDb Watchlists Settings" thumb="special://home/addons\plugin.video.imdb.watchlists\icon.png">ActivateWindow(10025,&quot;plugin://plugin.video.imdb.watchlists/?sf_options=fanart%3Dspecial%3A%2F%2Fhome%2Faddons%5Cplugin.video.imdb.watchlists%5Cfanart.jpg%26meta%3Dlabel%253DIMDb%252BWatchlists%26desc%3DIMDb+Watchlists%26_options_sf&quot;,return)</favourite>
	<favourite name="Exodus IMDb Settings" thumb="special://home/addons\script.exodus.artwork\resources\media\exodus\tools.png">ActivateWindow(10025,&quot;plugin://plugin.video.exodus/?action=openSettings&amp;query=3.1&amp;sf_options=fanart%3Dspecial%3A%2F%2Fhome%2Faddons%5Cscript.exodus.artwork%5Cresources%5Cmedia%5Cexodus%5Cfanart.jpg%26meta%3Dlabel%253D%25255BB%25255DSETTINGS%25255B%25252FB%25255D%252B%25253A%252BAccounts%26_options_sf&quot;,return)</favourite>
</favourites>