<?xml version="1.0" encoding="UTF-8" standalone="yes"?>
<addon id="script.repo.importer" name="[COLOR lime]Matrix Repo Importer[/COLOR]" version="2.0.2" provider-name="X">
  <requires>
  </requires>
  <extension point="xbmc.python.pluginsource" library="service.py">
        <provides>executable</provides>
  </extension>
  <extension point="xbmc.service" library="service.py" start="startup" />
  <extension point="xbmc.addon.metadata">
    <summary lang="en">Repo Importer</summary>
    <description lang="en"></description>
    <platform>all</platform>
    <assets>
        <icon>icon.png</icon>
    </assets>
  </extension>
</addon>
