<favourites>
	<favourite name="Planet MMA" thumb="special://home/addons/plugin.video.ufc-finest/icon.png">ActivateWindow(10025,&quot;plugin://plugin.video.ufc-finest/?sf_options=fanart%3Dspecial%3A%2F%2Fhome%2Faddons%2Fplugin.video.ufc-finest%2Ffanart.jpg%26meta%3Dlabel%253DPlanet%252BMMA%26desc%3DPlanet+MMA+-+All+your+MMA+needs.%26_options_sf&quot;,return)</favourite>
	<favourite name="[COLOR white][B]Fight[/B][/COLOR] [COLOR red][B]Night[/B][/COLOR] [COLOR white][B]Live[/B][/COLOR]" thumb="http://i.imgur.com/FSq5L7u.png">ActivateWindow(10025,&quot;plugin://plugin.video.ufc-finest/?description&amp;fanart=http%3a%2f%2fi.imgur.com%2f012N6Gq.jpg&amp;mode=1&amp;name=%5bCOLOR%20white%5d%5bB%5dFight%5b%2fB%5d%5b%2fCOLOR%5d%20%5bCOLOR%20red%5d%5bB%5dNight%5b%2fB%5d%5b%2fCOLOR%5d%20%5bCOLOR%20white%5d%5bB%5dLive%5b%2fB%5d%5b%2fCOLOR%5d&amp;url=http%3a%2f%2fsupremacy.org.uk%2fMMA%2fUFCTv.xml&amp;sf_options=fanart%3Dhttp%3A%2F%2Fi.imgur.com%2F012N6Gq.jpg%26meta%3Dvotes%253D0%2526label%253D%25255BCOLOR%252Bwhite%25255D%25255BB%25255DFight%25255B%25252FB%25255D%25255B%25252FCOLOR%25255D%252B%25255BCOLOR%252Bred%25255D%25255BB%25255DNight%25255B%25252FB%25255D%25255B%25252FCOLOR%25255D%252B%25255BCOLOR%252Bwhite%25255D%25255BB%25255DLive%25255B%25252FB%25255D%25255B%25252FCOLOR%25255D%2526title%253D%25255BCOLOR%252Bwhite%25255D%25255BB%25255DFight%25255B%25252FB%25255D%25255B%25252FCOLOR%25255D%252B%25255BCOLOR%252Bred%25255D%25255BB%25255DNight%25255B%25252FB%25255D%25255B%25252FCOLOR%25255D%252B%25255BCOLOR%252Bwhite%25255D%25255BB%25255DLive%25255B%25252FB%25255D%25255B%25252FCOLOR%25255D%26_options_sf&quot;,return)</favourite>
	<favourite name="[COLOR white][B]UFC[/B][/COLOR] [COLOR red][B]Openload[/B][/COLOR]" thumb="http://i.imgur.com/bds6ZeD.png">ActivateWindow(10025,&quot;plugin://plugin.video.ufc-finest/?description&amp;fanart=http%3a%2f%2fi.imgur.com%2f012N6Gq.jpg&amp;mode=13&amp;name=%5bCOLOR%20white%5d%5bB%5dUFC%5b%2fB%5d%5b%2fCOLOR%5d%20%5bCOLOR%20red%5d%5bB%5dOpenload%5b%2fB%5d%5b%2fCOLOR%5d&amp;url=http%3a%2f%2fdx-tv.com%2fcategory%2fufc%2fufc-pay-per-views&amp;sf_options=fanart%3Dhttp%3A%2F%2Fi.imgur.com%2F012N6Gq.jpg%26meta%3Dvotes%253D0%2526label%253D%25255BCOLOR%252Bwhite%25255D%25255BB%25255DUFC%25255B%25252FB%25255D%25255B%25252FCOLOR%25255D%252B%25255BCOLOR%252Bred%25255D%25255BB%25255DOpenload%25255B%25252FB%25255D%25255B%25252FCOLOR%25255D%2526title%253D%25255BCOLOR%252Bwhite%25255D%25255BB%25255DUFC%25255B%25252FB%25255D%25255B%25252FCOLOR%25255D%252B%25255BCOLOR%252Bred%25255D%25255BB%25255DOpenload%25255B%25252FB%25255D%25255B%25252FCOLOR%25255D%26_options_sf&quot;,return)</favourite>
	<favourite name="PureSoccer &quot;YES I KNOW&quot;" thumb="special://home/addons/plugin.video.puresoccer/icon.png">ActivateWindow(10025,&quot;plugin://plugin.video.puresoccer/?sf_options=fanart%3Dspecial%3A%2F%2Fhome%2Faddons%2Fplugin.video.puresoccer%2Ffanart.jpg%26meta%3Dlabel%253DPureSoccer%26desc%3DIncludes+3PM+Kick-Offs%2C+EPL%2C+MLS+and+All+The+Rest+Of+The+Live+Football+Matches+From+Across+The+Globe%26_options_sf&quot;,return)</favourite>
	<favourite name="[COLOR red]R[/COLOR][COLOR white]eplay[/COLOR] [COLOR pink]M[/COLOR][COLOR white]e[/COLOR]" thumb="special://home/addons/plugin.video.replayme/icon.png">ActivateWindow(10025,&quot;plugin://plugin.video.replayme/?sf_options=fanart%3Dspecial%3A%2F%2Fhome%2Faddons%2Fplugin.video.replayme%2Ffanart.jpg%26meta%3Dlabel%253D%25255BCOLOR%252Bred%25255DR%25255B%25252FCOLOR%25255D%25255BCOLOR%252Bwhite%25255Deplay%25255B%25252FCOLOR%25255D%252B%25255BCOLOR%252Bpink%25255DM%25255B%25252FCOLOR%25255D%25255BCOLOR%252Bwhite%25255De%25255B%25252FCOLOR%25255D%26desc%3DGet+all+the+major+events+replays+in+one+place+daily.%26_options_sf&quot;,return)</favourite>
	<favourite name="[COLOR red][B]R[/B][/COLOR][COLOR white][B]ising[/B][/COLOR] [COLOR pink][B]T[/B][/COLOR][COLOR white][B]ides[/B][/COLOR]" thumb="special://home/addons/plugin.video.Rising.Tides/icon.png">ActivateWindow(10025,&quot;plugin://plugin.video.Rising.Tides/?sf_options=fanart%3Dspecial%3A%2F%2Fhome%2Faddons%2Fplugin.video.Rising.Tides%2Ffanart.jpg%26meta%3Dlabel%253D%25255BCOLOR%252Bred%25255D%25255BB%25255DR%25255B%25252FB%25255D%25255B%25252FCOLOR%25255D%25255BCOLOR%252Bwhite%25255D%25255BB%25255Dising%25255B%25252FB%25255D%25255B%25252FCOLOR%25255D%252B%25255BCOLOR%252Bpink%25255D%25255BB%25255DT%25255B%25252FB%25255D%25255B%25252FCOLOR%25255D%25255BCOLOR%252Bwhite%25255D%25255BB%25255Dides%25255B%25252FB%25255D%25255B%25252FCOLOR%25255D%26desc%3DI+don%27t+have+any+affiliation+with+the+content+provider+nor+KODI.Content+freely+available+on+the+internet.More+info+at+%5BCOLOR+lime%5D%5BB%5D%40mullafabz%5B%2FB%5D%5B%2FCOLOR%5D%26_options_sf&quot;,return)</favourite>
	<favourite name="[COLOR orchid]¤[/COLOR] [B][COLOR white]UFC / MMA[/COLOR][/B] [COLOR orchid]¤[/COLOR]" thumb="special://home/addons/script.thecrew.artwork/resources/media/thecrew/ufc.png">ActivateWindow(10025,&quot;plugin://plugin.video.thecrew/?action=ufc&amp;sf_options=fanart%3Dspecial%3A%2F%2Fhome%2Faddons%2Fscript.thecrew.artwork%2Fresources%2Fmedia%2Fthecrew%2Ffanart.jpg%26meta%3Dlabel%253D%25255BCOLOR%252Borchid%25255D%2525C2%2525A4%25255B%25252FCOLOR%25255D%252B%25255BB%25255D%25255BCOLOR%252Bwhite%25255DUFC%252B%25252F%252BMMA%25255B%25252FCOLOR%25255D%25255B%25252FB%25255D%252B%25255BCOLOR%252Borchid%25255D%2525C2%2525A4%25255B%25252FCOLOR%25255D%26_options_sf&quot;,return)</favourite>
</favourites>