<?xml version="1.0" encoding="UTF-8" standalone="yes"?>
<addon id="plugin.program.vadercenter" name="[COLOR lime]Paid TV Setup[/COLOR]" version="1.18" provider-name="X">
  <requires>
    <import addon="xbmc.python" version="2.1.0"/>
	<import addon="script.module.addon.common" />
	<import addon="pvr.iptvsimple" version="2.4.0"/>
  </requires>
  <extension point="xbmc.python.pluginsource" library="default.py">
        <provides>executable</provides>
  </extension>
  <extension point="xbmc.addon.metadata">
    <summary lang="en">Paid APPS</summary>
    <description lang="en"></description>
    <platform>all</platform>
  </extension>
</addon>
