<?xml version="1.0" encoding="UTF-8" standalone="yes"?>
<addon id="plugin.program.cefirmware" name="[COLOR lime][B]UPGRADE BOX[/B][/COLOR]" version="1.0.2" provider-name="MR X">
  <requires>
    <import addon="xbmc.python" version="2.1.0"/>
  	<import addon="script.module.requests" />
  </requires>
  <extension point="xbmc.python.pluginsource" library="default.py">
        <provides>executable</provides>
  </extension>
  <extension point="xbmc.addon.metadata">
    <summary lang="en">CoreELEC Firmware Update</summary>
    <description lang="en">Update box to matrix then install the matrix build in one operation.</description>
    <platform>all</platform>
    <assets>
        <icon>icon.png</icon>
    </assets>
  </extension>
</addon>
