<?xml version="1.1" encoding="UTF-8" standalone="yes"?>
<addon id="plugin.video.kemobackup" name="[COLOR lime]KEMO BACKUP[/COLOR]" version="2.0.2" provider-name="X">
  <requires>
	<import addon="xbmc.python" version="3.0.0" />
	<import addon="script.module.requests" />

  </requires>
  <extension point="xbmc.python.pluginsource" library="default.py">
        <provides>video</provides>
  </extension>
  <extension point="xbmc.addon.metadata">
    <summary lang="en">Kemo Addon</summary>
    <language>en</language>
    <description lang="en">IPTV and VOD for Kodi Matrix</description>
    <platform>all</platform>
    <assets>
        <icon>icon.png</icon>
    </assets>
  </extension>
</addon>
