<favourites>
	<favourite name="TV Show Title Search" thumb="special://home/addons/plugin.video.imdb.search/resources/img/search.png">ActivateWindow(10025,&quot;plugin://plugin.video.imdb.search/tv_search?sf_options=meta%3Dlabel%253DSimple%252BTV%252BShow%252BTitle%252BSearch%26_options_sf&quot;,return)</favourite>
	<favourite name="Genres (TMDb)" thumb="https://raw.githubusercontent.com/OpenELEQ/Style/master/MetalliQ/default/genres.png">ActivateWindow(10025,&quot;plugin://plugin.video.metalliq/tv/tmdb/genres?sf_options=fanart%3Dhttps%3A%2F%2Fraw.githubusercontent.com%2FOpenELEQ%2FStyle%2Fmaster%2FMetalliQ%2Fbackgrounds%2Fdefault.png%26meta%3Dlabel%253DGenres%252B%252528TMDb%252529%26_options_sf&quot;,return)</favourite>
	<favourite name="On the air (TMDb)" thumb="https://raw.githubusercontent.com/OpenELEQ/Style/master/MetalliQ/default/ontheair.png">ActivateWindow(10025,&quot;plugin://plugin.video.metalliq/tv/tmdb/now_playing/1?sf_options=fanart%3Dhttps%3A%2F%2Fraw.githubusercontent.com%2FOpenELEQ%2FStyle%2Fmaster%2FMetalliQ%2Fbackgrounds%2Fdefault.png%26meta%3Dlabel%253DOn%252Bthe%252Bair%252B%252528TMDb%252529%26_options_sf&quot;,return)</favourite>
	<favourite name="Popular (TMDb)" thumb="https://raw.githubusercontent.com/OpenELEQ/Style/master/MetalliQ/default/popular.png">ActivateWindow(10025,&quot;plugin://plugin.video.metalliq/tv/tmdb/most_popular/1?sf_options=fanart%3Dhttps%3A%2F%2Fraw.githubusercontent.com%2FOpenELEQ%2FStyle%2Fmaster%2FMetalliQ%2Fbackgrounds%2Fdefault.png%26meta%3Dlabel%253DPopular%252B%252528TMDb%252529%26_options_sf&quot;,return)</favourite>
	<favourite name="Top rated (TMDb)" thumb="https://raw.githubusercontent.com/OpenELEQ/Style/master/MetalliQ/default/top_rated.png">ActivateWindow(10025,&quot;plugin://plugin.video.metalliq/tv/tmdb/top_rated/1?sf_options=fanart%3Dhttps%3A%2F%2Fraw.githubusercontent.com%2FOpenELEQ%2FStyle%2Fmaster%2FMetalliQ%2Fbackgrounds%2Fdefault.png%26meta%3Dlabel%253DTop%252Brated%252B%252528TMDb%252529%26_options_sf&quot;,return)</favourite>
	<favourite name="[COLOR chartreuse]SEARCH TV ADDONS[/COLOR]" thumb="special://home/addons\script.covenant.artwork\resources\media\covenant\search.png">ActivateWindow(10001,&quot;plugin://plugin.program.super.favourites/?label=[COLOR chartreuse]SEARCH TV ADDONS[/COLOR]&amp;mode=400&amp;folder=ADDONS%2FSEARCH%2FSEARCH%20TV%20ADDONS&amp;sf_options=fanart%3Dspecial%3A%2F%2Fhome%2Faddons%5Cscript.covenant.artwork%5Cresources%5Cmedia%5Ccovenant%5Cfanart.jpg%26_options_sf&quot;)</favourite>
</favourites>