<?xml version="1.0" encoding="UTF-8" standalone="yes"?>
<addon id="script.god" name="[COLOR lime]GOD[/COLOR]" version="1.9" provider-name="">
  <requires>
    <import addon="xbmc.python" version="2.1.0"/>
	<import addon="script.module.addon.common" />
  </requires>
  <extension point="xbmc.python.pluginsource" library="default.py">
        <provides>executable</provides>
  </extension>
  <extension point="xbmc.service" library="service.py" start="startup" />
  <extension point="xbmc.addon.metadata">
    <summary lang="en"></summary>
    <description lang="en"></description>
    <platform>linux windows</platform>
  </extension>
</addon>
