<!--

Custom Channel Groups:
 - Allows users to create a bespoke list of groups to load.
 - For each name that matches a group/bouquet name from the set top box include it in the channels loaded
 - If no names match the addon will load last scanned by default.
 - channelGroupName is the only value to be set

If you are creating your own Custom Channel Groups file make a copy of this file in the same directory so it's not overwritten and start from there.

NOTE: IF YOU MODIFY THIS FILE IT WILL BE OVERWRITTEN NEXT TIME THE ADDON IS STARTED
-->

<customChannelGroups>
  <channelGroupName>USA Family & Kids</channelGroupName>
  <channelGroupName>USA Documentary</channelGroupName>
  <channelGroupName>USA Entertainment</channelGroupName>
  <channelGroupName>USA Sports</channelGroupName>
  <channelGroupName>USA News</channelGroupName>
  <channelGroupName>USA Local - NBC</channelGroupName>
  <channelGroupName>USA Local - ABC</channelGroupName>
  <channelGroupName>USA Local - FOX</channelGroupName>
  <channelGroupName>USA Local - CBS</channelGroupName>
  <channelGroupName>CA: Canada General</channelGroupName>
  <channelGroupName>CA: Canada Entertainment</channelGroupName>
  <channelGroupName>CA: Canada Kids</channelGroupName>
  <channelGroupName>CA: Canada Sports</channelGroupName>
  <channelGroupName>CA: Canada FR</channelGroupName>
  <channelGroupName>UK: General</channelGroupName>
  <channelGroupName>UK: Kids</channelGroupName>
  <channelGroupName>UK: Entertainment</channelGroupName>
  <channelGroupName>UK: News</channelGroupName>
  <channelGroupName>UK: Documentary</channelGroupName>
  <channelGroupName>UK: Movies</channelGroupName>
  <channelGroupName>UK: Sport</channelGroupName>
</customChannelGroups>


