<!--

Custom Channel Groups:
 - Allows users to create a bespoke list of groups to load.
 - For each name that matches a group/bouquet name from the set top box include it in the channels loaded
 - If no names match the addon will load last scanned by default.
 - channelGroupName is the only value to be set

If you are creating your own Custom Channel Groups file make a copy of this file in the same directory so it's not overwritten and start from there.

NOTE: IF YOU MODIFY THIS FILE IT WILL BE OVERWRITTEN NEXT TIME THE ADDON IS STARTED
-->
<customChannelGroups>
  <channelGroupName>UK: Kids</channelGroupName>
  <channelGroupName>USA NFL - Sunday Ticket</channelGroupName> 
  <channelGroupName>USA Local - NBC</channelGroupName>
  <channelGroupName>USA Bein Sports</channelGroupName> 
  <channelGroupName>Sport College Baseball</channelGroupName>
  <channelGroupName>Sport NCAA Men Basketball</channelGroupName>
  <channelGroupName>Sport MotorSport</channelGroupName> 
  <channelGroupName>UK: Sport</channelGroupName>
  <channelGroupName>IRE: Gaago</channelGroupName>
  <channelGroupName>IRE: Ireland General</channelGroupName> 
  <channelGroupName>USA News</channelGroupName> 
  <channelGroupName>Australia</channelGroupName>
  <channelGroupName>Sport Cycling</channelGroupName> 
  <channelGroupName>USA Bally Sports</channelGroupName>
  <channelGroupName>CA: Canada FR</channelGroupName> 
  <channelGroupName>CA: Canada Sports</channelGroupName> 
  <channelGroupName>CA: Canada Entertainment</channelGroupName>
  <channelGroupName>USA NBC Sports</channelGroupName> 
  <channelGroupName>UK: SPFL</channelGroupName> 
  <channelGroupName>ESPN Events 200 VIP channels</channelGroupName> 
  <channelGroupName>Sport Rugby</channelGroupName> 
  <channelGroupName>USA Documentary</channelGroupName>
  <channelGroupName>UK: EPL Games</channelGroupName> 
  <channelGroupName>USA Family & Kids</channelGroupName> 
  <channelGroupName>CA: Canada General</channelGroupName> 
  <channelGroupName>USA PPV-MMA/BOXING/WWE/UFC</channelGroupName> 
  <channelGroupName>Sport NCAA Women Basketball</channelGroupName> 
  <channelGroupName>USA Local - ABC</channelGroupName> 
  <channelGroupName>Sport Softball</channelGroupName> 
  <channelGroupName>CA: DAZN Canada</channelGroupName> 
  <channelGroupName>UK: News</channelGroupName> 
  <channelGroupName>USA Local - CBS</channelGroupName>
  <channelGroupName>Sport Cricket</channelGroupName> 
  <channelGroupName>UK: iFollow EFL</channelGroupName> 
  <channelGroupName>CA: Super Sports</channelGroupName>
  <channelGroupName>USA Peacock Network</channelGroupName>
  <channelGroupName>Sport FITE TV</channelGroupName> 
  <channelGroupName>USA Entertainment</channelGroupName> 
  <channelGroupName>USA NCAAF</channelGroupName>
  <channelGroupName>USA Sports</channelGroupName> 
  <channelGroupName>Soccer Special Events</channelGroupName> 
  <channelGroupName>USA NHL</channelGroupName> 
  <channelGroupName>USA MLB</channelGroupName> 
  <channelGroupName>UK: Documentary</channelGroupName> 
  <channelGroupName>Winter Olympic 2022</channelGroupName> 
  <channelGroupName>USA Local - FOX</channelGroupName> 
  <channelGroupName>UK: Entertainment</channelGroupName>
  <channelGroupName>Sport Golf</channelGroupName>
  <channelGroupName>USA NBA</channelGroupName> 
  <channelGroupName>Sport Match Center</channelGroupName> 
  <channelGroupName>USA Local - MISC</channelGroupName> 
  <channelGroupName>USA STIRR TV</channelGroupName> 
  <channelGroupName>CA: Canada Kids</channelGroupName> 
  <channelGroupName>USA Local Channels ( Full List )</channelGroupName> 
  <channelGroupName>Sport Tennis</channelGroupName>
</customChannelGroups>