{
 "name"         : "1a) Google",
 "repository"   : "repository.google",
 "plugin"       : "plugin.video.google",
 "priority"     : 600,
 "id"           : "search.google.p",
 "filters"      : {},
 "postprocess"  : "",
 "movies": [
  [
   {
    "link": "plugin://plugin.video.google/search/{title}",
    "steps": [
    ".*"
    ],
	"action": "ACTIVATE"
   }
  ]
 ],
 "tvshows": [
  [
   {
    "link": "plugin://plugin.video.google/search/{clearname|replace(&colon;,)|replace(&,and)} s{season:02d}e{episode:02d}",
    "steps": [
     ".*"
    ],
    "action": "ACTIVATE"
   }
  ]
 ]
}