<?xml version="1.0" encoding="UTF-8"?>
<window>
    <controls>
        <control type="image">
            <left>0</left>
            <top>0</top>
            <width>1920</width>
            <height>1080</height>
            <texture>common/black.png</texture>
            <animation type="WindowOpen" reversible="false">
                <effect type="fade" start="0" end="80" time="200" tween="sine" easing="in" />
            </animation>
        </control>
        <control type="group">
            <left>100</left>
            <top>135</top>
            <animation type="WindowOpen" reversible="false">
                <effect type="zoom" start="50" end="100" time="200" center="770,560" tween="quadratic" easing="out" />
            </animation>
            <control type="image">
                <height>810</height>
                <width>1720</width>
                <texture colordiffuse="FF302F2F">common/white.png</texture>
            </control>
            <control type="group">
                <control type="image">
                    <left>1170</left>
                    <top>10</top>
                    <aligny>left</aligny>
                    <height>792</height>
                    <width>550</width>
                    <aspectratio aligny="top">keep</aspectratio>
                    <texture>$INFO[Window.Property(tikiskins.select_media.poster)]</texture>
                </control>
                <control type="image">
                    <left>7</left>
                    <top>13</top>
                    <width>45</width>
                    <height>45</height>
                    <align>right</align>
                    <aligny>top</aligny>
                    <aspectratio aligny="top">keep</aspectratio>
                    <texture colordiffuse="B3CCCCCC">common/fen.png</texture>
                </control>
                <control type="fixedlist" id="2000">
                    <pagecontrol>2050</pagecontrol>
                    <left>0</left>
                    <top>70</top>
                    <width>1150</width>
                    <height>720</height>
                    <onup>2000</onup>
                    <ondown>2000</ondown>
                    <onright>2050</onright>
                    <scrolltime tween="sine">200</scrolltime>
                    <orientation>Vertical</orientation>
                    <focusposition>3</focusposition>
                    <movement>4</movement>
                    <scrolltime tween="sine">200</scrolltime>
                    <itemlayout height="90" width="1150">
                        <control type="label">
                            <left>40</left>
                            <width>1070</width>
                            <height>90</height>
                            <font>font12</font>
                            <textcolor>FFCCCCCC</textcolor>
                            <aligny>center</aligny>
                            <label>[UPPERCASE]$INFO[ListItem.Property(tikiskins.select_media.line)][/UPPERCASE]</label>
                        </control>
                    </itemlayout>
                    <focusedlayout height="90" width="1150">
                        <control type="image">
                            <width>1150</width>
                            <height>90</height>
                            <aligny>top</aligny>
                            <texture colordiffuse="FFCCCCCC">common/white.png</texture>
                            <animation effect="fade" start="100" end="50" time="0" condition="!Control.HasFocus(2000)">Conditional</animation>
                        </control>
                        <control type="image">
                            <width>30</width>
                            <height>90</height>
                            <aligny>top</aligny>
                            <texture colordiffuse="$INFO[Window(10000).Property(fen.home_window.extras.maincolor_hex)]">common/white.png</texture>
                            <animation effect="fade" start="100" end="50" time="0" condition="!Control.HasFocus(2000)">Conditional</animation>
                        </control>
                        <control type="label">
                            <left>40</left>
                            <width>1070</width>
                            <height>90</height>
                            <font>font12</font>
                            <textcolor>FF4a4347</textcolor>
                            <aligny>center</aligny>
                            <label>[UPPERCASE]$INFO[ListItem.Property(tikiskins.select_media.line)][/UPPERCASE]</label>
                        </control>
                    </focusedlayout>
                </control>
                <control type="scrollbar" id="2050">
                    <left>1148</left>
                    <top>63</top>
                    <width>30</width>
                    <height>734</height>
                    <texturesliderbackground border="15">scrollbars/scrollbaruni-bg.png</texturesliderbackground>
                    <texturesliderbar border="15">scrollbars/scrollbaruni-bar.png</texturesliderbar>
                    <texturesliderbarfocus colordiffuse="$INFO[Window(10000).Property(fen.home_window.extras.maincolor_hex)]" border="15">scrollbars/scrollbaruni-bar-focus.png</texturesliderbarfocus>
                    <textureslidernib>scrollbars/scrollbaruni-nib.png</textureslidernib>
                    <textureslidernibfocus>scrollbars/scrollbaruni-nib.png</textureslidernibfocus>
                    <onleft>2000</onleft>
                    <onright>2000</onright>
                    <showonepage>false</showonepage>
                    <orientation>vertical</orientation>
                </control>
            </control>
        </control>
    </controls>
</window>
