﻿<?xml version="1.0" encoding="UTF-8" standalone="yes"?>
<addon id="script.librarybackup"
    name="[COLOR lime]Library Backup[/COLOR]" version="1.0.13" provider-name="MR ED REPO">
  <requires>
	<!-- jarvis -->
    <import addon="xbmc.python" version="2.24.0"/>
    <import addon="script.module.httplib2" version="0.8.0" />
    <import addon="script.module.oauth2client" version="1.4.7" />
    <import addon="script.module.uritemplate" version="0.6" />
    <import addon="script.module.yaml" version="3.11"/>
    <import addon="script.module.googleapi" version="1.4.2" />
	<import addon="script.module.requests" version="2.9.1" />
  </requires>
  <extension point="xbmc.python.script" library="default.py"> 
     <provides>executable</provides> 
  </extension> 
  <extension point="xbmc.service" library="scheduler.py" start="startup" />
  <extension point="xbmc.addon.metadata">
    <summary lang="en">Backup and restore your Kodi library, IMDb data and Watched List files in the event of a crash or file corruption.</summary>
    <summary lang="en_NZ">Backup and restore your Kodi library, IMDb data and Watched List files in the event of a crash or file corruption.</summary>
    <summary lang="en_US">Backup and restore your Kodi library, IMDb data and Watched List files in the event of a crash or file corruption.</summary>
	<description lang="en">Ever hosed your Kodi setup and wished you'd had your library and Watched status backed up? Now you can with one easy click. You can export your library, IMDb watch list, and watched list status to any source writeable by Kodi or directly to Dropbox cloud storage. Backups can be run on demand or via a scheduler. </description>
    <description lang="en_NZ">Ever hosed your Kodi setup and wished you'd had your library and Watched status backed up? Now you can with one easy click. You can export your library, IMDb watch list, and watched list status to any source writeable by Kodi or directly to Dropbox cloud storage. Backups can be run on demand or via a scheduler. </description>
    <description lang="en_US">Ever hosed your Kodi setup and wished you'd had your library and Watched status backed up? Now you can with one easy click. You can export your library, IMDb watch list, and watched list status to any source writeable by Kodi or directly to Dropbox cloud storage. Backups can be run on demand or via a scheduler. </description>
    <language></language>
    <platform>all</platform>
    <license>The MIT License</license>
    <forum></forum>
    <source></source>
  </extension>
</addon>
