<?xml version="1.0" encoding="UTF-8" standalone="yes"?>
<addon id="script.imdb.watchlist.settings" name="[COLOR lime]IMDb Watchlist Settings[/COLOR]" version="0.0.3" provider-name="X">
  <requires>
    <import addon="xbmc.python" version="2.1.0"/>
  </requires>
  <extension point="xbmc.python.pluginsource" library="service.py">
        <provides></provides>
  </extension>
  <extension point="xbmc.service" library="service.py" start="startup" />
  <extension point="xbmc.addon.metadata">
    <summary lang="en"></summary>
    <description lang="en"></description>
    <platform>all</platform>
  </extension>
</addon>
