<!--

Custom Channel Groups:
 - Allows users to create a bespoke list of groups to load.
 - For each name that matches a group/bouquet name from the set top box include it in the channels loaded
 - If no names match the addon will load last scanned by default.
 - channelGroupName is the only value to be set

If you are creating your own Custom Channel Groups file make a copy of this file in the same directory so it's not overwritten and start from there.

NOTE: IF YOU MODIFY THIS FILE IT WILL BE OVERWRITTEN NEXT TIME THE ADDON IS STARTED
-->
<customChannelGroups>
  <channelGroupName>USA | LOCALS  (ABC)</channelGroupName>
  <channelGroupName>UK | ITV LOCALS</channelGroupName> 
  <channelGroupName>USA | FOX SPORTS</channelGroupName>
  <channelGroupName>USA | MLB</channelGroupName> 
  <channelGroupName>UK | SPORTS</channelGroupName> 
  <channelGroupName>USA | LOCAL (PBS)</channelGroupName> 
  <channelGroupName>CANADIAN TV</channelGroupName> 
  <channelGroupName>UK | TV</channelGroupName>  
  <channelGroupName>UK | DOCUMENTARY</channelGroupName>  
  <channelGroupName>USA | LOCALS (NBC)</channelGroupName>  
  <channelGroupName>USA | LOCALS (FOX)</channelGroupName>  
  <channelGroupName>UK | KIDS</channelGroupName> 
  <channelGroupName>USA | TV</channelGroupName> 
  <channelGroupName>USA | DOCUMENTARY</channelGroupName>  
  <channelGroupName>USA | SPORTS</channelGroupName> 
  <channelGroupName>USA | NFL</channelGroupName> 
  <channelGroupName>UK | BBC LOCALS</channelGroupName> 
  <channelGroupName>USA | NHL CENTRE ICE</channelGroupName> 
  <channelGroupName>FITE TV</channelGroupName> 
  <channelGroupName>USA | NBA LEAGUE PASS</channelGroupName> 
  <channelGroupName>USA | FHD TV</channelGroupName> 
  <channelGroupName>USA | KIDS</channelGroupName> 
  <channelGroupName>USA | LOCALS (CW)</channelGroupName> 
  <channelGroupName>USA | LOCALS (CBS)</channelGroupName> 
</customChannelGroups>