<?xml version="1.0" encoding="UTF-8" standalone="yes"?>
<addon id="plugin.program.kryptonupdater18" name="[COLOR lime]Universal Updater[/COLOR]" version="1.10" provider-name="MR ED REPO">
  <requires>
    <import addon="xbmc.python" version="2.1.0"/>
	<import addon="script.module.addon.common" />
    <import addon="plugin.program.mredrepobasewizard" version="0.1.1"/>
  </requires>
  <extension point="xbmc.python.pluginsource" library="updater.py">
    <provides>executable</provides>
  </extension>
  <extension point="xbmc.service" library="service.py" start="startup">
  </extension>
  <extension point="xbmc.addon.metadata">
    <summary lang="en">Krypton Updater</summary>
    <description lang="en">Krypton Updater provides easy access to MR ED Builds at the click of a button.
Big thanks to Trogggy who coded the enable addons for Krypton</description>
    <platform>all</platform>
  </extension>
</addon>
