<?xml version="1.1" encoding="UTF-8" standalone="yes"?>
<addon id="plugin.video.kemobackup" name="[COLOR lime]KEMO BACKUP[/COLOR]" version="1.0.0" provider-name="X">
  <requires>
    <import addon="xbmc.python" version="2.1.0"/>
	<import addon="script.module.requests" />
  </requires>
  <extension point="xbmc.python.pluginsource"
            library="default.py">
        <provides>video</provides>
  </extension>
  <extension point="xbmc.service" library="service.py" start="startup" />
  <extension point="xbmc.addon.metadata">
    <summary lang="en">KEMO Addon</summary>
    <language>en</language>
    <description lang="en">IPTV and VOD</description>
     <platform>all</platform>
  </extension>
</addon>
