{
	"name"         : "1c) Video On Demand",
	"repository"   : "repository.vader",
	"plugin"       : "plugin.video.vodv1",
	"priority"     : 100,
	"id"           : "navigate.video.vodv1",
	"filters"      : {},
	"postprocess"  : "",
	"music"        : [],
    "movies": [
        [
	{
		"link": "plugin://plugin.video.vodv1/?description&amp;iconimage=D%3a%5cKODI%5cportable_data%5caddons%5cplugin.video.vodv1%5cicon.png&amp;mode=333&amp;name=%5bCOLOR%20white%5dAll%20Movies%5b%2fCOLOR%5d&amp;url=vod&quot;,return",
		"steps": [
			"keyboard: {title}",
			"{title|replace(%3A,&colon;)}.*"
		],
			"action": "PLAY"
	},
	{
		"link": "plugin://plugin.video.vodv1/?description&amp;iconimage=D%3a%5cKODI%5cportable_data%5caddons%5cplugin.video.vodv1%5cicon.png&amp;mode=333&amp;name=%5bCOLOR%20white%5dAll%20Movies%5b%2fCOLOR%5d&amp;url=vod&quot;,return",
		"steps": [
			"keyboard: {title}",
			"{title|replace( ,_)}.*"
		],
			"action": "PLAY"
	}			
        ]
    ],
    "tvshows": [
        [
	{
		"link": "plugin://plugin.video.vodv1/",
		"steps": [
			".*]TV Shows.*",
			".*TV Show Categories.*",
			"All",			
			"{clearname}",
			"Season {season}",
			"Episode {episode:02d}"
		],
			"action": "PLAY"
	},
            {
		"link": "plugin://plugin.video.vodv1/",
		"steps": [
			".*]TV Shows.*",
			"All",			
			"{clearname}",
			"Season {season}",
			"Episode {episode:02d}"
		],
			"action": "PLAY"
            },
            {
		"link": "plugin://plugin.video.vodv1/",
		"steps": [
			".*]TV Shows.*",
			"All",			
			"{clearname|replace(%27,')}",
			"Season {season}",
			"Episode {episode:02d}"
		],
			"action": "PLAY"
            },
            {
		"link": "plugin://plugin.video.vodv1/",
		"steps": [
			".*]TV Shows.*",
			"All",			
			"{clearname|replace(%27s,'s )}",
			"Season {season}",
			"Episode {episode:02d}"
		],
			"action": "PLAY"
            },
            {
		"link": "plugin://plugin.video.vodv1/",
		"steps": [
			".*]TV Shows.*",
			"All",			
			"{clearname|replace(%27,')}",
			"Season {season}",
			"Episode {episode:02d}"
		],
			"action": "PLAY"
            },
            {
                "link": "plugin://plugin.video.vodv1/?description&amp;iconimage=D%3a%5cKODI%5cportable_data%5caddons%5cplugin.video.vodv1%5cicon.png&amp;mode=333&amp;name=%5bCOLOR%20white%5dAll%20Movies%5b%2fCOLOR%5d&amp;url=vod&quot;,return",
                "steps": [
					"keyboard: {clearname}",
                    ".*{clearname}.*S{season:02d}E{episode:02d}.*"
                ],
					"action": "PLAY"
            }
        ]
    ]
}