<favourites>
	<favourite name="Movies" thumb="special://home/userdata/addon_data/Icons/imdb.png">ActivateWindow(10025,&quot;plugin://plugin.video.imdb.watchlists/category/movies?sf_options=meta%3Dlabel%253DMovies%26_options_sf&quot;,return)</favourite>
	<favourite name="TV Shows" thumb="special://home/userdata/addon_data/Icons/imdb.png">ActivateWindow(10025,&quot;plugin://plugin.video.imdb.watchlists/category/tv?sf_options=meta%3Dlabel%253DTV%26_options_sf&quot;,return)</favourite>
	<favourite name="Click and enter ur******** number" thumb="special://home/addons\plugin.video.imdb.watchlists\resources\img\settings.png">ActivateWindow(10025,&quot;plugin://plugin.video.imdb.watchlists/add_watchlist?sf_options=meta%3Dlabel%253DAdd%252BWatchlist%26_options_sf&quot;,return)</favourite>
	<favourite name="IMDb Maintenance" thumb="special://home/addons\plugin.video.imdb.watchlists\resources\img\settings.png">ActivateWindow(10025,&quot;plugin://plugin.video.imdb.watchlists/maintenance?sf_options=meta%3Dlabel%253DMaintenance%26_options_sf&quot;,return)</favourite>
</favourites>