{
 "name"         : "6) Firecat",
 "repository"   : "plugin.video.firecat",
 "plugin"       : "plugin.video.firecat",
 "priority"     : 200,
 "id"           : "direct.firecat.k",
 "filters"      : {},
 "postprocess"  : "",
    "movies": [
        [
            {
                "link": "plugin://plugin.video.firecat/",
                "steps": [
					".*Search.*",
					"keyboard: {title}",
                    ".*{title}.*"
                ],
					"action": "PLAY"
            }
  ]
 ],
 "tvshows"      : [
  [
            {
                "link": "plugin://plugin.video.firecat/",
                "steps": [
					".*Search.*",
					"keyboard: {clearname}",
                    ".*{clearname}.*",
					".*Season.*{season}.*",
					".*{title}.*"
                ],
					"action": "PLAY"
            }
  ]
 ],
 "musicvideos"  : [],
 "music"        : [],
 "live"         : []
}