<shortcuts>
	<shortcut>
		<defaultID>31381</defaultID>
		<label>$SKIN[31381|skin.arctic.horizon|None]</label>
		<label2 />
		<icon>DefaultAddonPVRClient.png</icon>
		<thumb />
		<action>pvr://channels/tv/*?view=lastplayed</action>
		</shortcut>
	<shortcut>
		<defaultID />
		<label>KEMO LIVE</label>
		<label2>Video Add-On</label2>
		<icon>DefaultShortcut.png</icon>
		<thumb>image://%2fstorage%2f.kodi%2faddons%2fplugin.video.kemo%2fresources%2ficons%2flivetv.png/</thumb>
		<action>ActivateWindow(Videos,"plugin://plugin.video.kemo/?url=url&amp;mode=22&amp;name=%5BB%5D%5BCOLOR%20white%5DLive%5B/COLOR%5D%5B/B%5D&amp;iconimage=/storage/.kodi/addons/plugin.video.kemo/resources/icons/livetv.png&amp;description=Live%20Channels&amp;xtra=test_parm",return)</action>
		</shortcut>
	<shortcut>
		<defaultID>plugin.video.iptv.recorder</defaultID>
		<label>IPTV Recorder</label>
		<label2>Video Add-On</label2>
		<icon>DefaultShortcut.png</icon>
		<thumb>thumb</thumb>
		<action>ActivateWindow(Videos,"plugin://plugin.video.iptv.recorder",return)</action>
		</shortcut>
	<shortcut>
		<defaultID />
		<label>KEMO BACKUP</label>
		<label2>Video Add-On</label2>
		<icon>DefaultShortcut.png</icon>
		<thumb>image://%2fstorage%2f.kodi%2faddons%2fplugin.video.kemobackup%2fresources%2ficons%2flivetv.png/</thumb>
		<action>ActivateWindow(Videos,"plugin://plugin.video.kemobackup/?url=url&amp;mode=22&amp;name=%5BB%5D%5BCOLOR%20white%5DLive%5B/COLOR%5D%5B/B%5D&amp;iconimage=/storage/.kodi/addons/plugin.video.kemobackup/resources/icons/livetv.png&amp;description=Live%20Channels&amp;xtra=test_parm",return)</action>
		</shortcut>
	</shortcuts>
