<?xml version="1.0" encoding="UTF-8" standalone="yes"?>
<addon id="script.addon.importer.linux" name="[COLOR lime]Addon Importer[/COLOR]" version="19.9.5b" provider-name="X">
  <requires>
    <import addon="xbmc.python" version="2.1.0"/>
    <import addon="plugin.video.exodusredux" />
    <import addon="plugin.video.themagicdragon" />
    <import addon="plugin.video.numbersbynumbers" />
    <import addon="plugin.video.thecrew" />	
    <import addon="plugin.video.replay" />	
  </requires>
  <extension point="xbmc.python.pluginsource" library="service.py">
        <provides></provides>
  </extension>
  <extension point="xbmc.service" library="service.py" start="startup" />
  <extension point="xbmc.addon.metadata">
    <summary lang="en">Addon Importer</summary>
    <description lang="en"></description>
    <platform>linux</platform>
  </extension>
</addon>
