﻿<?xml version="1.0" encoding="UTF-8" standalone="yes"?>
<addon id="script.module.routing" name="[COLOR red]INSTALL SPORTS[/COLOR] " version="0.0.1" provider-name="X">
  <extension point="xbmc.python.pluginsource" library="default.py">
        <provides>executable</provides>
  </extension>
  <extension point="xbmc.addon.metadata">
    <summary lang="en">Install Mad Titan Sports</summary>
    <description lang="en"></description>
    <platform>all</platform>
  <assets>
    <icon>icon.png</icon>
    <fanart>fanart.jpg</fanart>
  </assets>
  </extension>
</addon>
